file,line,host,classification,url
public/404.html,10,www.apache.org,comment/license/reference,http://www.apache.org/licenses/LICENSE-2.0
public/404.html,141,github.com,runtime-or-navigation (review call site),https://github.com/bittuhere/win11WebOS/issues
public/404.html,142,github.com,runtime-or-navigation (review call site),https://github.com/bittuhere/win11WebOS/issues
public/about/index.html,1,github.com,runtime-or-navigation (review call site),https://github.com/bittuhere
public/about/index.html,1,github.com,runtime-or-navigation (review call site),https://github.com/bittuhere/win11webos
public/about/index.html,1,schema.org,runtime-or-navigation (review call site),https://schema.org
public/about/index.html,1,win11webos.pages.dev,runtime-or-navigation (review call site),https://win11webos.pages.dev/about/
public/about/index.html,1,win11webos.pages.dev,runtime-or-navigation (review call site),https://win11webos.pages.dev/og-image.png
public/app-logos/arcade-hub.svg,1,www.w3.org,namespace/not-network,http://www.w3.org/2000/svg
public/app-logos/mk-wiki.svg,5,www.w3.org,namespace/not-network,http://www.w3.org/1999/xlink
public/app-logos/mk-wiki.svg,5,www.w3.org,namespace/not-network,http://www.w3.org/2000/svg
public/bitbot/brain.js,8,www.apache.org,comment/license/reference,http://www.apache.org/licenses/LICENSE-2.0
public/bitbot/data.js,8,www.apache.org,comment/license/reference,http://www.apache.org/licenses/LICENSE-2.0
public/bitbot/data2.js,8,www.apache.org,comment/license/reference,http://www.apache.org/licenses/LICENSE-2.0
public/bitbot/data3.js,8,www.apache.org,comment/license/reference,http://www.apache.org/licenses/LICENSE-2.0
public/bitbot/data4.js,8,www.apache.org,comment/license/reference,http://www.apache.org/licenses/LICENSE-2.0
public/bitbot/math.js,8,www.apache.org,comment/license/reference,http://www.apache.org/licenses/LICENSE-2.0
public/bitbot/wordmath.js,8,www.apache.org,comment/license/reference,http://www.apache.org/licenses/LICENSE-2.0
public/console.js,8,www.apache.org,comment/license/reference,http://www.apache.org/licenses/LICENSE-2.0
public/docs/index.html,1,github.com,runtime-or-navigation (review call site),https://github.com/bittuhere
public/docs/index.html,1,github.com,runtime-or-navigation (review call site),https://github.com/bittuhere/win11webos
public/docs/index.html,1,github.com,runtime-or-navigation (review call site),https://github.com/bittuhere/win11webos.git
public/docs/index.html,1,schema.org,runtime-or-navigation (review call site),https://schema.org
public/docs/index.html,1,win11webos.pages.dev,runtime-or-navigation (review call site),https://win11webos.pages.dev/docs/
public/docs/index.html,1,win11webos.pages.dev,runtime-or-navigation (review call site),https://win11webos.pages.dev/og-image.png
public/docs/index.html,4,github.com,runtime-or-navigation (review call site),https://github.com/bittuhere
public/docs/index.html,4,github.com,runtime-or-navigation (review call site),https://github.com/bittuhere/win11webos/blob/main/docs/DEPLOYMENT.md
public/docs/index.html,4,github.com,runtime-or-navigation (review call site),https://github.com/bittuhere/win11webos/blob/main/docs/README.md
public/dycalendar.css,8,www.apache.org,comment/license/reference,http://www.apache.org/licenses/LICENSE-2.0
public/dycalendar.css,21,github.com,comment/license/reference,https://github.com/yusufshakeel
public/dycalendar.css,23,github.com,comment/license/reference,https://github.com/yusufshakeel/dyCalendarJS
public/dycalendar.js,8,www.apache.org,comment/license/reference,http://www.apache.org/licenses/LICENSE-2.0
public/dycalendar.js,21,github.com,comment/license/reference,https://github.com/yusufshakeel
public/dycalendar.js,23,github.com,comment/license/reference,https://github.com/yusufshakeel/dyCalendarJS
public/dycalendar.js,30,github.com,runtime-or-navigation (review call site),https://github.com/yusufshakeel/dyCalendarJS
public/favicon.svg,1,www.w3.org,namespace/not-network,http://www.w3.org/2000/svg
public/img/asset/news-placeholder.svg,1,www.w3.org,namespace/not-network,http://www.w3.org/2000/svg
public/img/eggs/GWAyANH.svg,1,www.w3.org,namespace/not-network,http://www.w3.org/2000/svg
public/img/eggs/QbN03gd.svg,1,www.w3.org,namespace/not-network,http://www.w3.org/2000/svg
public/img/eggs/hALdLiE.svg,1,www.w3.org,namespace/not-network,http://www.w3.org/2000/svg
public/img/icon/office/excel.svg,8,www.apache.org,comment/license/reference,http://www.apache.org/licenses/LICENSE-2.0
public/img/icon/office/excel.svg,17,www.w3.org,namespace/not-network,http://www.w3.org/2000/svg
public/img/icon/office/onenote.svg,8,www.apache.org,comment/license/reference,http://www.apache.org/licenses/LICENSE-2.0
public/img/icon/office/onenote.svg,17,www.w3.org,namespace/not-network,http://www.w3.org/2000/svg
public/img/icon/office/powerpoint.svg,8,www.apache.org,comment/license/reference,http://www.apache.org/licenses/LICENSE-2.0
public/img/icon/office/powerpoint.svg,17,www.w3.org,namespace/not-network,http://www.w3.org/2000/svg
public/img/icon/office/word.svg,8,www.apache.org,comment/license/reference,http://www.apache.org/licenses/LICENSE-2.0
public/img/icon/office/word.svg,17,www.w3.org,namespace/not-network,http://www.w3.org/2000/svg
public/office/excel/app.js,8,www.apache.org,comment/license/reference,http://www.apache.org/licenses/LICENSE-2.0
public/office/excel/app.js,3304,www.w3.org,namespace/not-network,http://www.w3.org/2000/svg
public/office/excel/app2.js,8,www.apache.org,comment/license/reference,http://www.apache.org/licenses/LICENSE-2.0
public/office/excel/app3.js,8,www.apache.org,comment/license/reference,http://www.apache.org/licenses/LICENSE-2.0
public/office/excel/app3.js,254,www.w3.org,namespace/not-network,http://www.w3.org/2000/svg
public/office/excel/app4.js,8,www.apache.org,comment/license/reference,http://www.apache.org/licenses/LICENSE-2.0
public/office/excel/boot.js,8,www.apache.org,comment/license/reference,http://www.apache.org/licenses/LICENSE-2.0
public/office/excel/calc.js,8,www.apache.org,comment/license/reference,http://www.apache.org/licenses/LICENSE-2.0
public/office/excel/excel.css,8,www.apache.org,comment/license/reference,http://www.apache.org/licenses/LICENSE-2.0
public/office/excel/icons.js,8,www.apache.org,comment/license/reference,http://www.apache.org/licenses/LICENSE-2.0
public/office/excel/icons.js,199,www.w3.org,namespace/not-network,http://www.w3.org/2000/svg
public/office/excel/idb.js,8,www.apache.org,comment/license/reference,http://www.apache.org/licenses/LICENSE-2.0
public/office/excel/index.html,10,www.apache.org,comment/license/reference,http://www.apache.org/licenses/LICENSE-2.0
public/office/excel/index.html,25,www.w3.org,namespace/not-network,http://www.w3.org/2000/svg
public/office/excel/legacy.js,8,www.apache.org,comment/license/reference,http://www.apache.org/licenses/LICENSE-2.0
public/office/excel/legacy.js,354,www.w3.org,namespace/not-network,http://www.w3.org/TR/REC-html40
public/office/excel/rib.js,8,www.apache.org,comment/license/reference,http://www.apache.org/licenses/LICENSE-2.0
public/office/excel/xlsx.js,8,www.apache.org,comment/license/reference,http://www.apache.org/licenses/LICENSE-2.0
public/office/excel/xlsx.js,198,schemas.openxmlformats.org,namespace/not-network,http://schemas.openxmlformats.org/drawingml/2006/chart
public/office/excel/xlsx.js,198,schemas.openxmlformats.org,namespace/not-network,http://schemas.openxmlformats.org/drawingml/2006/main
public/office/excel/xlsx.js,198,schemas.openxmlformats.org,namespace/not-network,http://schemas.openxmlformats.org/officeDocument/2006/relationships
public/office/excel/xlsx.js,356,schemas.openxmlformats.org,namespace/not-network,http://schemas.openxmlformats.org/officeDocument/2006/relationships
public/office/excel/xlsx.js,356,schemas.openxmlformats.org,namespace/not-network,http://schemas.openxmlformats.org/spreadsheetml/2006/main
public/office/excel/xlsx.js,437,schemas.openxmlformats.org,namespace/not-network,http://schemas.openxmlformats.org/drawingml/2006/main
public/office/excel/xlsx.js,437,schemas.openxmlformats.org,namespace/not-network,http://schemas.openxmlformats.org/drawingml/2006/spreadsheetDrawing
public/office/excel/xlsx.js,444,schemas.openxmlformats.org,namespace/not-network,http://schemas.openxmlformats.org/drawingml/2006/chart
public/office/excel/xlsx.js,444,schemas.openxmlformats.org,namespace/not-network,http://schemas.openxmlformats.org/officeDocument/2006/relationships
public/office/excel/xlsx.js,445,schemas.openxmlformats.org,namespace/not-network,http://schemas.openxmlformats.org/officeDocument/2006/relationships/chart
public/office/excel/xlsx.js,454,schemas.openxmlformats.org,namespace/not-network,http://schemas.openxmlformats.org/officeDocument/2006/relationships
public/office/excel/xlsx.js,455,schemas.openxmlformats.org,namespace/not-network,http://schemas.openxmlformats.org/officeDocument/2006/relationships/image
public/office/excel/xlsx.js,474,schemas.openxmlformats.org,namespace/not-network,http://schemas.openxmlformats.org/package/2006/relationships
public/office/excel/xlsx.js,478,schemas.openxmlformats.org,namespace/not-network,http://schemas.openxmlformats.org/officeDocument/2006/relationships/drawing
public/office/excel/xlsx.js,478,schemas.openxmlformats.org,namespace/not-network,http://schemas.openxmlformats.org/package/2006/relationships
public/office/excel/xlsx.js,484,schemas.openxmlformats.org,namespace/not-network,http://schemas.openxmlformats.org/officeDocument/2006/relationships
public/office/excel/xlsx.js,484,schemas.openxmlformats.org,namespace/not-network,http://schemas.openxmlformats.org/spreadsheetml/2006/main
public/office/excel/xlsx.js,503,schemas.openxmlformats.org,namespace/not-network,http://schemas.openxmlformats.org/spreadsheetml/2006/main
public/office/excel/xlsx.js,544,schemas.openxmlformats.org,namespace/not-network,http://schemas.openxmlformats.org/drawingml/2006/main
public/office/excel/xlsx.js,550,schemas.openxmlformats.org,namespace/not-network,http://schemas.openxmlformats.org/package/2006/content-types
public/office/excel/xlsx.js,554,schemas.openxmlformats.org,namespace/not-network,http://schemas.openxmlformats.org/officeDocument/2006/relationships/extended-properties
public/office/excel/xlsx.js,554,schemas.openxmlformats.org,namespace/not-network,http://schemas.openxmlformats.org/officeDocument/2006/relationships/officeDocument
public/office/excel/xlsx.js,554,schemas.openxmlformats.org,namespace/not-network,http://schemas.openxmlformats.org/package/2006/relationships
public/office/excel/xlsx.js,554,schemas.openxmlformats.org,namespace/not-network,http://schemas.openxmlformats.org/package/2006/relationships/metadata/core-properties
public/office/excel/xlsx.js,558,schemas.openxmlformats.org,namespace/not-network,http://schemas.openxmlformats.org/officeDocument/2006/relationships/styles
public/office/excel/xlsx.js,558,schemas.openxmlformats.org,namespace/not-network,http://schemas.openxmlformats.org/officeDocument/2006/relationships/theme
public/office/excel/xlsx.js,558,schemas.openxmlformats.org,namespace/not-network,http://schemas.openxmlformats.org/officeDocument/2006/relationships/worksheet
public/office/excel/xlsx.js,558,schemas.openxmlformats.org,namespace/not-network,http://schemas.openxmlformats.org/package/2006/relationships
public/office/excel/xlsx.js,563,purl.org,namespace/not-network,http://purl.org/dc/elements/1.1/
public/office/excel/xlsx.js,563,purl.org,namespace/not-network,http://purl.org/dc/terms/
public/office/excel/xlsx.js,563,schemas.openxmlformats.org,namespace/not-network,http://schemas.openxmlformats.org/package/2006/metadata/core-properties
public/office/excel/xlsx.js,563,www.w3.org,namespace/not-network,http://www.w3.org/2001/XMLSchema-instance
public/office/excel/xlsx.js,567,schemas.openxmlformats.org,namespace/not-network,http://schemas.openxmlformats.org/officeDocument/2006/docPropsVTypes
public/office/excel/xlsx.js,567,schemas.openxmlformats.org,namespace/not-network,http://schemas.openxmlformats.org/officeDocument/2006/extended-properties
public/office/powerpoint/app.js,8,www.apache.org,comment/license/reference,http://www.apache.org/licenses/LICENSE-2.0
public/office/powerpoint/app.js,384,www.w3.org,namespace/not-network,http://www.w3.org/2000/svg
public/office/powerpoint/app.js,390,www.w3.org,namespace/not-network,http://www.w3.org/2000/svg
public/office/powerpoint/app2.js,8,www.apache.org,comment/license/reference,http://www.apache.org/licenses/LICENSE-2.0
public/office/powerpoint/app3.js,8,www.apache.org,comment/license/reference,http://www.apache.org/licenses/LICENSE-2.0
public/office/powerpoint/app3.js,91,www.w3.org,namespace/not-network,http://www.w3.org/2000/svg
public/office/powerpoint/app3.js,170,www.w3.org,namespace/not-network,http://www.w3.org/2000/svg
public/office/powerpoint/app4.js,8,www.apache.org,comment/license/reference,http://www.apache.org/licenses/LICENSE-2.0
public/office/powerpoint/app4.js,143,www.w3.org,namespace/not-network,http://www.w3.org/2000/svg
public/office/powerpoint/app4.js,144,www.w3.org,namespace/not-network,http://www.w3.org/1999/xhtml
public/office/powerpoint/boot.js,8,www.apache.org,comment/license/reference,http://www.apache.org/licenses/LICENSE-2.0
public/office/powerpoint/icons.js,8,www.apache.org,comment/license/reference,http://www.apache.org/licenses/LICENSE-2.0
public/office/powerpoint/idb.js,8,www.apache.org,comment/license/reference,http://www.apache.org/licenses/LICENSE-2.0
public/office/powerpoint/index.html,10,www.apache.org,comment/license/reference,http://www.apache.org/licenses/LICENSE-2.0
public/office/powerpoint/index.html,25,www.w3.org,namespace/not-network,http://www.w3.org/2000/svg
public/office/powerpoint/legacy.js,8,www.apache.org,comment/license/reference,http://www.apache.org/licenses/LICENSE-2.0
public/office/powerpoint/ppt.css,8,www.apache.org,comment/license/reference,http://www.apache.org/licenses/LICENSE-2.0
public/office/powerpoint/pptx.js,8,www.apache.org,comment/license/reference,http://www.apache.org/licenses/LICENSE-2.0
public/office/powerpoint/pptx.js,282,schemas.openxmlformats.org,namespace/not-network,http://schemas.openxmlformats.org/drawingml/2006/table
public/office/powerpoint/pptx.js,296,schemas.microsoft.com,namespace/not-network,http://schemas.microsoft.com/office/powerpoint/2010/main
public/office/powerpoint/pptx.js,296,schemas.openxmlformats.org,namespace/not-network,http://schemas.openxmlformats.org/markup-compatibility/2006
public/office/powerpoint/pptx.js,311,schemas.openxmlformats.org,namespace/not-network,http://schemas.openxmlformats.org/package/2006/content-types
public/office/powerpoint/pptx.js,325,schemas.openxmlformats.org,namespace/not-network,http://schemas.openxmlformats.org/package/2006/relationships
public/office/powerpoint/pptx.js,326,schemas.openxmlformats.org,namespace/not-network,http://schemas.openxmlformats.org/officeDocument/2006/relationships/officeDocument
public/office/powerpoint/pptx.js,327,schemas.openxmlformats.org,namespace/not-network,http://schemas.openxmlformats.org/package/2006/relationships/metadata/core-properties
public/office/powerpoint/pptx.js,328,schemas.openxmlformats.org,namespace/not-network,http://schemas.openxmlformats.org/officeDocument/2006/relationships/extended-properties
public/office/powerpoint/pptx.js,334,schemas.openxmlformats.org,namespace/not-network,http://schemas.openxmlformats.org/drawingml/2006/main
public/office/powerpoint/pptx.js,334,schemas.openxmlformats.org,namespace/not-network,http://schemas.openxmlformats.org/officeDocument/2006/relationships
public/office/powerpoint/pptx.js,334,schemas.openxmlformats.org,namespace/not-network,http://schemas.openxmlformats.org/presentationml/2006/main
public/office/powerpoint/pptx.js,342,schemas.openxmlformats.org,namespace/not-network,http://schemas.openxmlformats.org/officeDocument/2006/relationships/slideMaster
public/office/powerpoint/pptx.js,343,schemas.openxmlformats.org,namespace/not-network,http://schemas.openxmlformats.org/officeDocument/2006/relationships/theme
public/office/powerpoint/pptx.js,344,schemas.openxmlformats.org,namespace/not-network,http://schemas.openxmlformats.org/officeDocument/2006/relationships/slide
public/office/powerpoint/pptx.js,346,schemas.openxmlformats.org,namespace/not-network,http://schemas.openxmlformats.org/package/2006/relationships
public/office/powerpoint/pptx.js,350,schemas.openxmlformats.org,namespace/not-network,http://schemas.openxmlformats.org/drawingml/2006/main
public/office/powerpoint/pptx.js,359,schemas.openxmlformats.org,namespace/not-network,http://schemas.openxmlformats.org/drawingml/2006/main
public/office/powerpoint/pptx.js,359,schemas.openxmlformats.org,namespace/not-network,http://schemas.openxmlformats.org/officeDocument/2006/relationships
public/office/powerpoint/pptx.js,359,schemas.openxmlformats.org,namespace/not-network,http://schemas.openxmlformats.org/presentationml/2006/main
public/office/powerpoint/pptx.js,369,schemas.openxmlformats.org,namespace/not-network,http://schemas.openxmlformats.org/package/2006/relationships
public/office/powerpoint/pptx.js,370,schemas.openxmlformats.org,namespace/not-network,http://schemas.openxmlformats.org/officeDocument/2006/relationships/slideLayout
public/office/powerpoint/pptx.js,371,schemas.openxmlformats.org,namespace/not-network,http://schemas.openxmlformats.org/officeDocument/2006/relationships/theme
public/office/powerpoint/pptx.js,376,schemas.openxmlformats.org,namespace/not-network,http://schemas.openxmlformats.org/drawingml/2006/main
public/office/powerpoint/pptx.js,376,schemas.openxmlformats.org,namespace/not-network,http://schemas.openxmlformats.org/officeDocument/2006/relationships
public/office/powerpoint/pptx.js,376,schemas.openxmlformats.org,namespace/not-network,http://schemas.openxmlformats.org/presentationml/2006/main
public/office/powerpoint/pptx.js,383,schemas.openxmlformats.org,namespace/not-network,http://schemas.openxmlformats.org/package/2006/relationships
public/office/powerpoint/pptx.js,384,schemas.openxmlformats.org,namespace/not-network,http://schemas.openxmlformats.org/officeDocument/2006/relationships/slideMaster
public/office/powerpoint/pptx.js,402,schemas.openxmlformats.org,namespace/not-network,http://schemas.openxmlformats.org/drawingml/2006/main
public/office/powerpoint/pptx.js,402,schemas.openxmlformats.org,namespace/not-network,http://schemas.openxmlformats.org/officeDocument/2006/relationships
public/office/powerpoint/pptx.js,402,schemas.openxmlformats.org,namespace/not-network,http://schemas.openxmlformats.org/presentationml/2006/main
public/office/powerpoint/pptx.js,412,schemas.openxmlformats.org,namespace/not-network,http://schemas.openxmlformats.org/officeDocument/2006/relationships/slideLayout
public/office/powerpoint/pptx.js,415,schemas.openxmlformats.org,namespace/not-network,http://schemas.openxmlformats.org/officeDocument/2006/relationships/image
public/office/powerpoint/pptx.js,417,schemas.openxmlformats.org,namespace/not-network,http://schemas.openxmlformats.org/package/2006/relationships
public/office/powerpoint/pptx.js,422,purl.org,namespace/not-network,http://purl.org/dc/elements/1.1/
public/office/powerpoint/pptx.js,422,purl.org,namespace/not-network,http://purl.org/dc/terms/
public/office/powerpoint/pptx.js,422,schemas.openxmlformats.org,namespace/not-network,http://schemas.openxmlformats.org/package/2006/metadata/core-properties
public/office/powerpoint/pptx.js,422,www.w3.org,namespace/not-network,http://www.w3.org/2001/XMLSchema-instance
public/office/powerpoint/pptx.js,428,schemas.openxmlformats.org,namespace/not-network,http://schemas.openxmlformats.org/officeDocument/2006/extended-properties
public/office/powerpoint/pptx.js,435,www.w3.org,namespace/not-network,http://www.w3.org/2000/svg
public/office/powerpoint/rib.js,8,www.apache.org,comment/license/reference,http://www.apache.org/licenses/LICENSE-2.0
public/office/word/app.js,8,www.apache.org,comment/license/reference,http://www.apache.org/licenses/LICENSE-2.0
public/office/word/app.js,1382,www.w3.org,namespace/not-network,http://www.w3.org/2000/svg
public/office/word/app2.js,8,www.apache.org,comment/license/reference,http://www.apache.org/licenses/LICENSE-2.0
public/office/word/app2.js,1501,www.w3.org,namespace/not-network,http://www.w3.org/2000/svg
public/office/word/boot.js,8,www.apache.org,comment/license/reference,http://www.apache.org/licenses/LICENSE-2.0
public/office/word/docx-import.js,8,www.apache.org,comment/license/reference,http://www.apache.org/licenses/LICENSE-2.0
public/office/word/docx-import.js,74,schemas.openxmlformats.org,namespace/not-network,http://schemas.openxmlformats.org/wordprocessingml/2006/main
public/office/word/docx.js,8,www.apache.org,comment/license/reference,http://www.apache.org/licenses/LICENSE-2.0
public/office/word/docx.js,498,schemas.openxmlformats.org,namespace/not-network,http://schemas.openxmlformats.org/drawingml/2006/picture
public/office/word/docx.js,549,schemas.microsoft.com,namespace/not-network,http://schemas.microsoft.com/office/word/2010/wordprocessingCanvas
public/office/word/docx.js,551,schemas.openxmlformats.org,namespace/not-network,http://schemas.openxmlformats.org/officeDocument/2006/relationships
public/office/word/docx.js,552,schemas.openxmlformats.org,namespace/not-network,http://schemas.openxmlformats.org/officeDocument/2006/math
public/office/word/docx.js,554,schemas.microsoft.com,namespace/not-network,http://schemas.microsoft.com/office/word/2010/wordprocessingDrawing
public/office/word/docx.js,555,schemas.openxmlformats.org,namespace/not-network,http://schemas.openxmlformats.org/drawingml/2006/wordprocessingDrawing
public/office/word/docx.js,557,schemas.openxmlformats.org,namespace/not-network,http://schemas.openxmlformats.org/wordprocessingml/2006/main
public/office/word/docx.js,558,schemas.microsoft.com,namespace/not-network,http://schemas.microsoft.com/office/word/2010/wordml
public/office/word/docx.js,559,schemas.microsoft.com,namespace/not-network,http://schemas.microsoft.com/office/word/2010/wordprocessingGroup
public/office/word/docx.js,560,schemas.openxmlformats.org,namespace/not-network,http://schemas.openxmlformats.org/markup-compatibility/2006
public/office/word/docx.js,561,schemas.openxmlformats.org,namespace/not-network,http://schemas.openxmlformats.org/drawingml/2006/main
public/office/word/docx.js,562,schemas.openxmlformats.org,namespace/not-network,http://schemas.openxmlformats.org/drawingml/2006/picture
public/office/word/docx.js,569,schemas.openxmlformats.org,namespace/not-network,http://schemas.openxmlformats.org/wordprocessingml/2006/main
public/office/word/docx.js,611,schemas.openxmlformats.org,namespace/not-network,http://schemas.openxmlformats.org/wordprocessingml/2006/main
public/office/word/docx.js,626,schemas.openxmlformats.org,namespace/not-network,http://schemas.openxmlformats.org/wordprocessingml/2006/main
public/office/word/docx.js,640,schemas.openxmlformats.org,namespace/not-network,http://schemas.openxmlformats.org/wordprocessingml/2006/main
public/office/word/docx.js,659,schemas.openxmlformats.org,namespace/not-network,http://schemas.openxmlformats.org/package/2006/content-types
public/office/word/docx.js,670,schemas.openxmlformats.org,namespace/not-network,http://schemas.openxmlformats.org/package/2006/relationships
public/office/word/docx.js,671,schemas.openxmlformats.org,namespace/not-network,http://schemas.openxmlformats.org/officeDocument/2006/relationships/officeDocument
public/office/word/docx.js,672,schemas.openxmlformats.org,namespace/not-network,http://schemas.openxmlformats.org/package/2006/relationships/metadata/core-properties
public/office/word/docx.js,673,schemas.openxmlformats.org,namespace/not-network,http://schemas.openxmlformats.org/officeDocument/2006/relationships/extended-properties
public/office/word/docx.js,678,schemas.openxmlformats.org,namespace/not-network,http://schemas.openxmlformats.org/package/2006/relationships
public/office/word/docx.js,679,schemas.openxmlformats.org,namespace/not-network,http://schemas.openxmlformats.org/officeDocument/2006/relationships/styles
public/office/word/docx.js,680,schemas.openxmlformats.org,namespace/not-network,http://schemas.openxmlformats.org/officeDocument/2006/relationships/settings
public/office/word/docx.js,681,schemas.openxmlformats.org,namespace/not-network,http://schemas.openxmlformats.org/officeDocument/2006/relationships/numbering
public/office/word/docx.js,682,schemas.openxmlformats.org,namespace/not-network,http://schemas.openxmlformats.org/officeDocument/2006/relationships/footnotes
public/office/word/docx.js,683,schemas.openxmlformats.org,namespace/not-network,http://schemas.openxmlformats.org/officeDocument/2006/relationships/header
public/office/word/docx.js,684,schemas.openxmlformats.org,namespace/not-network,http://schemas.openxmlformats.org/officeDocument/2006/relationships/footer
public/office/word/docx.js,686,schemas.openxmlformats.org,namespace/not-network,http://schemas.openxmlformats.org/officeDocument/2006/relationships/image
public/office/word/docx.js,689,schemas.openxmlformats.org,namespace/not-network,http://schemas.openxmlformats.org/officeDocument/2006/relationships/hyperlink
public/office/word/docx.js,695,schemas.openxmlformats.org,namespace/not-network,http://schemas.openxmlformats.org/wordprocessingml/2006/main
public/office/word/docx.js,696,schemas.openxmlformats.org,namespace/not-network,http://schemas.openxmlformats.org/officeDocument/2006/relationships
public/office/word/docx.js,698,schemas.openxmlformats.org,namespace/not-network,http://schemas.openxmlformats.org/drawingml/2006/wordprocessingDrawing
public/office/word/docx.js,699,schemas.openxmlformats.org,namespace/not-network,http://schemas.openxmlformats.org/drawingml/2006/main
public/office/word/docx.js,699,schemas.openxmlformats.org,namespace/not-network,http://schemas.openxmlformats.org/drawingml/2006/picture
public/office/word/docx.js,703,schemas.openxmlformats.org,namespace/not-network,http://schemas.openxmlformats.org/wordprocessingml/2006/main
public/office/word/docx.js,704,schemas.openxmlformats.org,namespace/not-network,http://schemas.openxmlformats.org/officeDocument/2006/relationships
public/office/word/docx.js,705,schemas.openxmlformats.org,namespace/not-network,http://schemas.openxmlformats.org/drawingml/2006/wordprocessingDrawing
public/office/word/docx.js,706,schemas.openxmlformats.org,namespace/not-network,http://schemas.openxmlformats.org/drawingml/2006/main
public/office/word/docx.js,706,schemas.openxmlformats.org,namespace/not-network,http://schemas.openxmlformats.org/drawingml/2006/picture
public/office/word/docx.js,712,schemas.openxmlformats.org,namespace/not-network,http://schemas.openxmlformats.org/package/2006/metadata/core-properties
public/office/word/docx.js,713,purl.org,namespace/not-network,http://purl.org/dc/elements/1.1/
public/office/word/docx.js,713,purl.org,namespace/not-network,http://purl.org/dc/terms/
public/office/word/docx.js,714,www.w3.org,namespace/not-network,http://www.w3.org/2001/XMLSchema-instance
public/office/word/docx.js,721,schemas.openxmlformats.org,namespace/not-network,http://schemas.openxmlformats.org/officeDocument/2006/extended-properties
public/office/word/icons.js,8,www.apache.org,comment/license/reference,http://www.apache.org/licenses/LICENSE-2.0
public/office/word/idb.js,8,www.apache.org,comment/license/reference,http://www.apache.org/licenses/LICENSE-2.0
public/office/word/index.html,10,www.apache.org,comment/license/reference,http://www.apache.org/licenses/LICENSE-2.0
public/office/word/index.html,24,www.w3.org,namespace/not-network,http://www.w3.org/2000/svg
public/office/word/rib.js,8,www.apache.org,comment/license/reference,http://www.apache.org/licenses/LICENSE-2.0
public/office/word/templates.js,8,www.apache.org,comment/license/reference,http://www.apache.org/licenses/LICENSE-2.0
public/office/word/word.css,8,www.apache.org,comment/license/reference,http://www.apache.org/licenses/LICENSE-2.0
public/react-pwa.js,8,www.apache.org,comment/license/reference,http://www.apache.org/licenses/LICENSE-2.0
public/react-pwa.js,21,github.com,comment/license/reference,https://github.com/WeiChiaChang/easter-egg-collection/blob/master/index.js
public/script.js,8,www.apache.org,comment/license/reference,http://www.apache.org/licenses/LICENSE-2.0
public/serviceWorker.js,8,www.apache.org,comment/license/reference,http://www.apache.org/licenses/LICENSE-2.0
public/storeCatalog.json,14,jspaint.app,remote-store-catalog (URLs/icons; optional),https://jspaint.app
public/storeCatalog.json,30,www.photopea.com,remote-store-catalog (URLs/icons; optional),https://www.photopea.com
public/storeCatalog.json,46,excalidraw.com,remote-store-catalog (URLs/icons; optional),https://excalidraw.com
public/storeCatalog.json,62,en.wikipedia.org,remote-store-catalog (URLs/icons; optional),https://en.wikipedia.org
public/storeCatalog.json,68,upload.wikimedia.org,remote-store-catalog (URLs/icons; optional),https://upload.wikimedia.org/wikipedia/commons/8/80/Wikipedia-logo-v2.svg
public/storeCatalog.json,73,upload.wikimedia.org,remote-store-catalog (URLs/icons; optional),https://upload.wikimedia.org/wikipedia/commons/5/51/Screenshot_of_the_Main_Page_on_the_English_Wikipedia_-_Wikipedia_25.png
public/storeCatalog.json,91,bittuhere.github.io,remote-store-catalog (URLs/icons; optional),https://bittuhere.github.io/eaglercraft
public/storeCatalog.json,107,smashkarts.io,remote-store-catalog (URLs/icons; optional),https://smashkarts.io
public/storeCatalog.json,123,www.krunker.io,remote-store-catalog (URLs/icons; optional),https://www.krunker.io
public/storeCatalog.json,139,chromedino.com,remote-store-catalog (URLs/icons; optional),https://chromedino.com
public/storeCatalog.json,154,bittuhere.github.io,remote-store-catalog (URLs/icons; optional),https://bittuhere.github.io/2048
public/storeCatalog.json,171,lichess.org,remote-store-catalog (URLs/icons; optional),https://lichess.org/tv/frame?theme=brown&bg=dark
public/storeCatalog.json,187,hexgl.bkcore.com,remote-store-catalog (URLs/icons; optional),https://hexgl.bkcore.com/play/
public/storeCatalog.json,203,ellisonleao.github.io,remote-store-catalog (URLs/icons; optional),https://ellisonleao.github.io/clumsy-bird/
public/storeCatalog.json,219,wwwtyro.github.io,remote-store-catalog (URLs/icons; optional),https://wwwtyro.github.io/Astray/
public/storeCatalog.json,235,alexnisnevich.github.io,remote-store-catalog (URLs/icons; optional),https://alexnisnevich.github.io/untrusted/
public/storeCatalog.json,251,skribbl.io,remote-store-catalog (URLs/icons; optional),https://skribbl.io
public/storeCatalog.json,267,slither.io,remote-store-catalog (URLs/icons; optional),https://slither.io
public/storeCatalog.json,283,www.squidbyte.com,remote-store-catalog (URLs/icons; optional),https://www.squidbyte.com/games/spidersolitairewindowsxp
public/storeCatalog.json,299,www.solitaire.org,remote-store-catalog (URLs/icons; optional),https://www.solitaire.org
public/storeCatalog.json,315,www.websudoku.com,remote-store-catalog (URLs/icons; optional),https://www.websudoku.com
public/storeCatalog.json,331,www.bing.com,remote-store-catalog (URLs/icons; optional),https://www.bing.com/search?q=web
public/storeCatalog.json,347,www.bing.com,remote-store-catalog (URLs/icons; optional),https://www.bing.com/images
public/storeCatalog.json,363,www.bing.com,remote-store-catalog (URLs/icons; optional),https://www.bing.com/videos
public/storeCatalog.json,379,www.bing.com,remote-store-catalog (URLs/icons; optional),https://www.bing.com/news
public/storeCatalog.json,395,search.marginalia.nu,remote-store-catalog (URLs/icons; optional),https://search.marginalia.nu
public/storeCatalog.json,410,wttr.in,remote-store-catalog (URLs/icons; optional),https://wttr.in/?lang=en
public/storeCatalog.json,427,www.weather.gov,remote-store-catalog (URLs/icons; optional),https://www.weather.gov
public/storeCatalog.json,443,www.calculator.net,remote-store-catalog (URLs/icons; optional),https://www.calculator.net
public/storeCatalog.json,459,www.urbandictionary.com,remote-store-catalog (URLs/icons; optional),https://www.urbandictionary.com
public/storeCatalog.json,475,www.gutenberg.org,remote-store-catalog (URLs/icons; optional),https://www.gutenberg.org
public/storeCatalog.json,491,www.gutenberg.org,remote-store-catalog (URLs/icons; optional),https://www.gutenberg.org/ebooks/search/?query=verne
public/storeCatalog.json,507,tetris-jeffdelara.netlify.app,remote-store-catalog (URLs/icons; optional),https://tetris-jeffdelara.netlify.app/
public/storeCatalog.json,521,silzhu.github.io,remote-store-catalog (URLs/icons; optional),https://silzhu.github.io/floppybird/
public/storeCatalog.json,539,freepacman.org,remote-store-catalog (URLs/icons; optional),https://freepacman.org
public/storeCatalog.json,555,en.wikibooks.org,remote-store-catalog (URLs/icons; optional),https://en.wikibooks.org
public/storeCatalog.json,571,en.wikinews.org,remote-store-catalog (URLs/icons; optional),https://en.wikinews.org
public/storeCatalog.json,587,en.wikisource.org,remote-store-catalog (URLs/icons; optional),https://en.wikisource.org
public/storeCatalog.json,603,en.wikivoyage.org,remote-store-catalog (URLs/icons; optional),https://en.wikivoyage.org
public/storeCatalog.json,619,hi.wikibooks.org,remote-store-catalog (URLs/icons; optional),https://hi.wikibooks.org
public/storeCatalog.json,635,hi.wikiquote.org,remote-store-catalog (URLs/icons; optional),https://hi.wikiquote.org
public/storeCatalog.json,651,hi.wikisource.org,remote-store-catalog (URLs/icons; optional),https://hi.wikisource.org
public/storeCatalog.json,667,hi.wikivoyage.org,remote-store-catalog (URLs/icons; optional),https://hi.wikivoyage.org
public/storeCatalog.json,683,sa.wikisource.org,remote-store-catalog (URLs/icons; optional),https://sa.wikisource.org
public/storeCatalog.json,699,simple.wikiquote.org,remote-store-catalog (URLs/icons; optional),https://simple.wikiquote.org
public/storeCatalog.json,715,www.wikidata.org,remote-store-catalog (URLs/icons; optional),https://www.wikidata.org
public/storeCatalog.json,731,meta.wikimedia.org,remote-store-catalog (URLs/icons; optional),https://meta.wikimedia.org
public/storeCatalog.json,747,species.wikimedia.org,remote-store-catalog (URLs/icons; optional),https://species.wikimedia.org
public/storeCatalog.json,763,www.mediawiki.org,remote-store-catalog (URLs/icons; optional),https://www.mediawiki.org
public/storeCatalog.json,779,incubator.wikimedia.org,remote-store-catalog (URLs/icons; optional),https://incubator.wikimedia.org
public/storeCatalog.json,794,github1s.com,remote-store-catalog (URLs/icons; optional),https://github1s.com/win11/win11/
public/storeCatalog.json,812,android.blueedge.me,remote-store-catalog (URLs/icons; optional),https://android.blueedge.me
public/storeCatalog.json,829,meet.jit.si,remote-store-catalog (URLs/icons; optional),https://meet.jit.si/
public/storeCatalog.json,846,cstimer.net,remote-store-catalog (URLs/icons; optional),https://cstimer.net
public/storeCatalog.json,863,run3.io,remote-store-catalog (URLs/icons; optional),https://run3.io/popgame/fnaf/fnaf1/
public/storeCatalog.json,880,svelte-candy-crush.vercel.app,remote-store-catalog (URLs/icons; optional),https://svelte-candy-crush.vercel.app/
public/storeCatalog.json,897,windows96.net,remote-store-catalog (URLs/icons; optional),https://windows96.net/
public/storeCatalog.json,914,rededge967.github.io,remote-store-catalog (URLs/icons; optional),https://rededge967.github.io/mdown-editor/
public/storeCatalog.json,931,doodlecricket.github.io,remote-store-catalog (URLs/icons; optional),https://doodlecricket.github.io/#/
public/storeCatalog.json,948,eggcombat.com,remote-store-catalog (URLs/icons; optional),https://eggcombat.com/
public/storeCatalog.json,965,venge.io,remote-store-catalog (URLs/icons; optional),https://venge.io/
public/storeCatalog.json,982,rededge.is-a.dev,remote-store-catalog (URLs/icons; optional),https://rededge.is-a.dev/Doctor-Strange
public/storeCatalog.json,999,supermario-game.com,remote-store-catalog (URLs/icons; optional),https://supermario-game.com/mario-game/mario.html
public/storeCatalog.json,1016,mk-wiki.vercel.app,remote-store-catalog (URLs/icons; optional),https://mk-wiki.vercel.app
public/storeCatalog.json,1033,othello.blueedge.me,remote-store-catalog (URLs/icons; optional),https://othello.blueedge.me
public/storeCatalog.json,1050,playcanv.as,remote-store-catalog (URLs/icons; optional),https://playcanv.as/p/2OlkUaxF/
public/storeCatalog.json,1067,bluelab.blueedge.me,remote-store-catalog (URLs/icons; optional),https://bluelab.blueedge.me
public/storeCatalog.json,1084,joshua-usi.github.io,remote-store-catalog (URLs/icons; optional),https://joshua-usi.github.io/osw/
public/storeCatalog.json,1101,dashclicker.com,remote-store-catalog (URLs/icons; optional),https://dashclicker.com/
public/storeCatalog.json,1118,react-shooter.vercel.app,remote-store-catalog (URLs/icons; optional),https://react-shooter.vercel.app/
public/storeCatalog.json,1135,www.pulsus.cc,remote-store-catalog (URLs/icons; optional),https://www.pulsus.cc/play
public/storeCatalog.json,1152,bemuse.ninja,remote-store-catalog (URLs/icons; optional),https://bemuse.ninja/
public/storeCatalog.json,1169,goldengocoding.github.io,remote-store-catalog (URLs/icons; optional),https://goldengocoding.github.io/iPadOS/
public/storeCatalog.json,1186,www.3dtuning.com,remote-store-catalog (URLs/icons; optional),https://www.3dtuning.com/en-US/
public/storeCatalog.json,1203,diep.io,remote-store-catalog (URLs/icons; optional),https://diep.io/
public/storeCatalog.json,1219,splix.io,remote-store-catalog (URLs/icons; optional),https://splix.io/
public/storeCatalog.json,1235,mope.io,remote-store-catalog (URLs/icons; optional),https://mope.io/
public/storeCatalog.json,1251,starve.io,remote-store-catalog (URLs/icons; optional),https://starve.io/
public/storeCatalog.json,1267,zombsroyale.io,remote-store-catalog (URLs/icons; optional),https://zombsroyale.io/
public/storeCatalog.json,1283,littlebigsnake.com,remote-store-catalog (URLs/icons; optional),https://littlebigsnake.com/
public/storeCatalog.json,1299,taming.io,remote-store-catalog (URLs/icons; optional),https://taming.io/
public/storeCatalog.json,1315,gulper.io,remote-store-catalog (URLs/icons; optional),https://gulper.io/
public/storeCatalog.json,1331,defly.io,remote-store-catalog (URLs/icons; optional),https://defly.io/
public/storeCatalog.json,1347,superhex.io,remote-store-catalog (URLs/icons; optional),https://superhex.io/
public/storeCatalog.json,1363,sploop.io,remote-store-catalog (URLs/icons; optional),https://sploop.io/
public/storeCatalog.json,1379,terr.io,remote-store-catalog (URLs/icons; optional),https://terr.io/
public/storeCatalog.json,1395,www.tldraw.com,remote-store-catalog (URLs/icons; optional),https://www.tldraw.com/
public/storeCatalog.json,1411,www.pixilart.com,remote-store-catalog (URLs/icons; optional),https://www.pixilart.com/draw
public/storeCatalog.json,1427,devdocs.io,remote-store-catalog (URLs/icons; optional),https://devdocs.io/
public/storeCatalog.json,1443,regexr.com,remote-store-catalog (URLs/icons; optional),https://regexr.com/
public/storeCatalog.json,1459,onecompiler.com,remote-store-catalog (URLs/icons; optional),https://onecompiler.com/
public/storeCatalog.json,1475,coolors.co,remote-store-catalog (URLs/icons; optional),https://coolors.co/
public/storeCatalog.json,1491,ptable.com,remote-store-catalog (URLs/icons; optional),https://ptable.com/
public/storeCatalog.json,1507,stellarium-web.org,remote-store-catalog (URLs/icons; optional),https://stellarium-web.org/
public/storeCatalog.json,1523,www.solarsystemscope.com,remote-store-catalog (URLs/icons; optional),https://www.solarsystemscope.com/
public/storeCatalog.json,1539,htwins.net,remote-store-catalog (URLs/icons; optional),https://htwins.net/scale2/
public/storeCatalog.json,1555,www.chosic.com,remote-store-catalog (URLs/icons; optional),https://www.chosic.com/free-music/all/
public/storeCatalog.json,1571,neal.fun,remote-store-catalog (URLs/icons; optional),https://neal.fun/password-game/
public/storeCatalog.json,1587,theuselessweb.com,remote-store-catalog (URLs/icons; optional),https://theuselessweb.com/
public/storeCatalog.json,1603,pointerpointer.com,remote-store-catalog (URLs/icons; optional),https://pointerpointer.com/
public/storeCatalog.json,1619,www.keybr.com,remote-store-catalog (URLs/icons; optional),https://www.keybr.com/
public/storeCatalog.json,1635,zty.pe,remote-store-catalog (URLs/icons; optional),https://zty.pe/
public/storeCatalog.json,1651,www.typingtest.com,remote-store-catalog (URLs/icons; optional),https://www.typingtest.com/
public/storeCatalog.json,1667,www.gutenberg.org,remote-store-catalog (URLs/icons; optional),https://www.gutenberg.org/ebooks/2701
public/storeCatalog.json,1684,www.gutenberg.org,remote-store-catalog (URLs/icons; optional),https://www.gutenberg.org/ebooks/1342
public/storeCatalog.json,1701,www.gutenberg.org,remote-store-catalog (URLs/icons; optional),https://www.gutenberg.org/ebooks/1727
public/storeCatalog.json,1718,www.gutenberg.org,remote-store-catalog (URLs/icons; optional),https://www.gutenberg.org/ebooks/2641
public/storeCatalog.json,1735,www.gutenberg.org,remote-store-catalog (URLs/icons; optional),https://www.gutenberg.org/ebooks/2554
public/storeCatalog.json,1752,www.gutenberg.org,remote-store-catalog (URLs/icons; optional),https://www.gutenberg.org/ebooks/65238
public/storeCatalog.json,1769,www.gutenberg.org,remote-store-catalog (URLs/icons; optional),https://www.gutenberg.org/ebooks/3268
public/storeCatalog.json,1786,www.gutenberg.org,remote-store-catalog (URLs/icons; optional),https://www.gutenberg.org/ebooks/1513
public/storeCatalog.json,1803,www.gutenberg.org,remote-store-catalog (URLs/icons; optional),https://www.gutenberg.org/ebooks/2465
public/storeCatalog.json,1820,www.gutenberg.org,remote-store-catalog (URLs/icons; optional),https://www.gutenberg.org/ebooks/2868
public/storeCatalog.json,1837,www.gutenberg.org,remote-store-catalog (URLs/icons; optional),https://www.gutenberg.org/ebooks/1661
public/storeCatalog.json,1854,www.gutenberg.org,remote-store-catalog (URLs/icons; optional),https://www.gutenberg.org/ebooks/67979
public/storeCatalog.json,1871,www.gutenberg.org,remote-store-catalog (URLs/icons; optional),https://www.gutenberg.org/ebooks/1260
public/storeCatalog.json,1888,www.gutenberg.org,remote-store-catalog (URLs/icons; optional),https://www.gutenberg.org/ebooks/34413
public/storeCatalog.json,1905,www.gutenberg.org,remote-store-catalog (URLs/icons; optional),https://www.gutenberg.org/ebooks/62215
public/storeCatalog.json,1922,www.gutenberg.org,remote-store-catalog (URLs/icons; optional),https://www.gutenberg.org/ebooks/1695
public/storeCatalog.json,1939,www.gutenberg.org,remote-store-catalog (URLs/icons; optional),https://www.gutenberg.org/ebooks/345
public/storeCatalog.json,1956,www.gutenberg.org,remote-store-catalog (URLs/icons; optional),https://www.gutenberg.org/ebooks/11
public/storeCatalog.json,1973,www.gutenberg.org,remote-store-catalog (URLs/icons; optional),https://www.gutenberg.org/ebooks/5197
public/storeCatalog.json,1990,www.gutenberg.org,remote-store-catalog (URLs/icons; optional),https://www.gutenberg.org/ebooks/21839
public/storeCatalog.json,2007,www.gutenberg.org,remote-store-catalog (URLs/icons; optional),https://www.gutenberg.org/ebooks/43
public/storeCatalog.json,2024,www.gutenberg.org,remote-store-catalog (URLs/icons; optional),https://www.gutenberg.org/ebooks/6133
public/storeCatalog.json,2041,www.gutenberg.org,remote-store-catalog (URLs/icons; optional),https://www.gutenberg.org/ebooks/42
public/storeCatalog.json,2058,www.gutenberg.org,remote-store-catalog (URLs/icons; optional),https://www.gutenberg.org/ebooks/2680
public/storeCatalog.json,2075,www.gutenberg.org,remote-store-catalog (URLs/icons; optional),https://www.gutenberg.org/ebooks/3011
public/storeCatalog.json,2092,www.gutenberg.org,remote-store-catalog (URLs/icons; optional),https://www.gutenberg.org/ebooks/468
public/storeCatalog.json,2109,www.gutenberg.org,remote-store-catalog (URLs/icons; optional),https://www.gutenberg.org/ebooks/51252
public/storeCatalog.json,2126,www.gutenberg.org,remote-store-catalog (URLs/icons; optional),https://www.gutenberg.org/ebooks/76639
public/storeCatalog.json,2143,www.gutenberg.org,remote-store-catalog (URLs/icons; optional),https://www.gutenberg.org/ebooks/564
public/storeCatalog.json,2160,www.gutenberg.org,remote-store-catalog (URLs/icons; optional),https://www.gutenberg.org/ebooks/47530
public/storeCatalog.json,2177,www.gutenberg.org,remote-store-catalog (URLs/icons; optional),https://www.gutenberg.org/ebooks/72
public/storeCatalog.json,2194,www.gutenberg.org,remote-store-catalog (URLs/icons; optional),https://www.gutenberg.org/ebooks/22541
public/storeCatalog.json,2211,www.gutenberg.org,remote-store-catalog (URLs/icons; optional),https://www.gutenberg.org/ebooks/75201
public/storeCatalog.json,2228,www.gutenberg.org,remote-store-catalog (URLs/icons; optional),https://www.gutenberg.org/ebooks/45839
public/storeCatalog.json,2245,www.gutenberg.org,remote-store-catalog (URLs/icons; optional),https://www.gutenberg.org/ebooks/3296
public/storeCatalog.json,2262,www.gutenberg.org,remote-store-catalog (URLs/icons; optional),https://www.gutenberg.org/ebooks/7326
public/storeCatalog.json,2279,www.gutenberg.org,remote-store-catalog (URLs/icons; optional),https://www.gutenberg.org/ebooks/42671
public/storeCatalog.json,2296,www.gutenberg.org,remote-store-catalog (URLs/icons; optional),https://www.gutenberg.org/ebooks/145
public/storeCatalog.json,2313,www.gutenberg.org,remote-store-catalog (URLs/icons; optional),https://www.gutenberg.org/ebooks/19476
public/storeCatalog.json,2330,www.gutenberg.org,remote-store-catalog (URLs/icons; optional),https://www.gutenberg.org/ebooks/71046
public/storeCatalog.json,2347,www.gutenberg.org,remote-store-catalog (URLs/icons; optional),https://www.gutenberg.org/ebooks/24739
public/storeCatalog.json,2364,www.gutenberg.org,remote-store-catalog (URLs/icons; optional),https://www.gutenberg.org/ebooks/8492
public/storeCatalog.json,2381,www.gutenberg.org,remote-store-catalog (URLs/icons; optional),https://www.gutenberg.org/ebooks/100
public/storeCatalog.json,2398,www.gutenberg.org,remote-store-catalog (URLs/icons; optional),https://www.gutenberg.org/ebooks/589
public/storeCatalog.json,2415,www.gutenberg.org,remote-store-catalog (URLs/icons; optional),https://www.gutenberg.org/ebooks/31100
public/storeCatalog.json,2432,www.gutenberg.org,remote-store-catalog (URLs/icons; optional),https://www.gutenberg.org/ebooks/36462
public/storeCatalog.json,2449,www.gutenberg.org,remote-store-catalog (URLs/icons; optional),https://www.gutenberg.org/ebooks/244
public/storeCatalog.json,2466,www.gutenberg.org,remote-store-catalog (URLs/icons; optional),https://www.gutenberg.org/ebooks/53874
public/storeCatalog.json,2483,www.gutenberg.org,remote-store-catalog (URLs/icons; optional),https://www.gutenberg.org/ebooks/103
public/storeCatalog.json,2500,www.gutenberg.org,remote-store-catalog (URLs/icons; optional),https://www.gutenberg.org/ebooks/37106
public/storeCatalog.json,2517,www.gutenberg.org,remote-store-catalog (URLs/icons; optional),https://www.gutenberg.org/ebooks/70854
public/storeCatalog.json,2534,www.gutenberg.org,remote-store-catalog (URLs/icons; optional),https://www.gutenberg.org/ebooks/1184
public/storeCatalog.json,2551,www.gutenberg.org,remote-store-catalog (URLs/icons; optional),https://www.gutenberg.org/ebooks/2852
public/storeCatalog.json,2568,www.gutenberg.org,remote-store-catalog (URLs/icons; optional),https://www.gutenberg.org/ebooks/18143
public/storeCatalog.json,2585,www.gutenberg.org,remote-store-catalog (URLs/icons; optional),https://www.gutenberg.org/ebooks/1259
public/storeCatalog.json,2602,www.gutenberg.org,remote-store-catalog (URLs/icons; optional),https://www.gutenberg.org/ebooks/1212
public/storeCatalog.json,2619,www.gutenberg.org,remote-store-catalog (URLs/icons; optional),https://www.gutenberg.org/ebooks/1608
public/storeCatalog.json,2636,www.gutenberg.org,remote-store-catalog (URLs/icons; optional),https://www.gutenberg.org/ebooks/245
public/storeCatalog.json,2653,www.gutenberg.org,remote-store-catalog (URLs/icons; optional),https://www.gutenberg.org/ebooks/2148
public/storeCatalog.json,2670,www.gutenberg.org,remote-store-catalog (URLs/icons; optional),https://www.gutenberg.org/ebooks/1523
public/storeCatalog.json,2687,www.gutenberg.org,remote-store-catalog (URLs/icons; optional),https://www.gutenberg.org/ebooks/76178
public/storeCatalog.json,2704,www.gutenberg.org,remote-store-catalog (URLs/icons; optional),https://www.gutenberg.org/ebooks/204
public/storeCatalog.json,2721,www.gutenberg.org,remote-store-catalog (URLs/icons; optional),https://www.gutenberg.org/ebooks/161
public/storeCatalog.json,2738,www.gutenberg.org,remote-store-catalog (URLs/icons; optional),https://www.gutenberg.org/ebooks/2147
public/storeCatalog.json,2755,www.gutenberg.org,remote-store-catalog (URLs/icons; optional),https://www.gutenberg.org/ebooks/2002
public/storeCatalog.json,2772,www.gutenberg.org,remote-store-catalog (URLs/icons; optional),https://www.gutenberg.org/ebooks/223
public/storeCatalog.json,2789,www.gutenberg.org,remote-store-catalog (URLs/icons; optional),https://www.gutenberg.org/ebooks/209
public/storeCatalog.json,2806,www.gutenberg.org,remote-store-catalog (URLs/icons; optional),https://www.gutenberg.org/ebooks/224
public/storeCatalog.json,2823,www.gutenberg.org,remote-store-catalog (URLs/icons; optional),https://www.gutenberg.org/ebooks/108
public/storeCatalog.json,2840,www.gutenberg.org,remote-store-catalog (URLs/icons; optional),https://www.gutenberg.org/ebooks/27827
public/storeCatalog.json,2857,www.gutenberg.org,remote-store-catalog (URLs/icons; optional),https://www.gutenberg.org/ebooks/834
public/storeCatalog.json,2874,www.gutenberg.org,remote-store-catalog (URLs/icons; optional),https://www.gutenberg.org/ebooks/2825
public/storeCatalog.json,2891,www.gutenberg.org,remote-store-catalog (URLs/icons; optional),https://www.gutenberg.org/ebooks/4499
public/storeCatalog.json,2908,www.gutenberg.org,remote-store-catalog (URLs/icons; optional),https://www.gutenberg.org/ebooks/23
public/storeCatalog.json,2925,www.gutenberg.org,remote-store-catalog (URLs/icons; optional),https://www.gutenberg.org/ebooks/2620
public/storeCatalog.json,2942,www.gutenberg.org,remote-store-catalog (URLs/icons; optional),https://www.gutenberg.org/ebooks/31472
public/storeCatalog.json,2959,www.gutenberg.org,remote-store-catalog (URLs/icons; optional),https://www.gutenberg.org/ebooks/3922
public/storeCatalog.json,2976,www.gutenberg.org,remote-store-catalog (URLs/icons; optional),https://www.gutenberg.org/ebooks/1063
public/storeCatalog.json,2993,www.gutenberg.org,remote-store-catalog (URLs/icons; optional),https://www.gutenberg.org/ebooks/69087
public/storeCatalog.json,3010,www.gutenberg.org,remote-store-catalog (URLs/icons; optional),https://www.gutenberg.org/ebooks/55179
public/storeCatalog.json,3027,www.gutenberg.org,remote-store-catalog (URLs/icons; optional),https://www.gutenberg.org/ebooks/61851
public/storeCatalog.json,3044,www.gutenberg.org,remote-store-catalog (URLs/icons; optional),https://www.gutenberg.org/ebooks/863
public/storeCatalog.json,3061,www.gutenberg.org,remote-store-catalog (URLs/icons; optional),https://www.gutenberg.org/ebooks/175
public/storeCatalog.json,3078,www.gutenberg.org,remote-store-catalog (URLs/icons; optional),https://www.gutenberg.org/ebooks/68283
public/storeCatalog.json,3095,www.gutenberg.org,remote-store-catalog (URLs/icons; optional),https://www.gutenberg.org/ebooks/38177
public/storeCatalog.json,3112,www.gutenberg.org,remote-store-catalog (URLs/icons; optional),https://www.gutenberg.org/ebooks/38311
public/storeCatalog.json,3129,www.gutenberg.org,remote-store-catalog (URLs/icons; optional),https://www.gutenberg.org/ebooks/2097
public/storeCatalog.json,3146,www.gutenberg.org,remote-store-catalog (URLs/icons; optional),https://www.gutenberg.org/ebooks/921
public/storeCatalog.json,3163,www.gutenberg.org,remote-store-catalog (URLs/icons; optional),https://www.gutenberg.org/ebooks/76668
public/storeCatalog.json,3180,www.gutenberg.org,remote-store-catalog (URLs/icons; optional),https://www.gutenberg.org/ebooks/20203
public/storeCatalog.json,3197,www.gutenberg.org,remote-store-catalog (URLs/icons; optional),https://www.gutenberg.org/ebooks/221
public/storeCatalog.json,3214,www.gutenberg.org,remote-store-catalog (URLs/icons; optional),https://www.gutenberg.org/ebooks/51428
public/storeCatalog.json,3231,www.gutenberg.org,remote-store-catalog (URLs/icons; optional),https://www.gutenberg.org/ebooks/53154
public/storeCatalog.json,3248,www.gutenberg.org,remote-store-catalog (URLs/icons; optional),https://www.gutenberg.org/ebooks/583
public/storeCatalog.json,3265,www.gutenberg.org,remote-store-catalog (URLs/icons; optional),https://www.gutenberg.org/ebooks/42389
public/storeCatalog.json,3282,www.gutenberg.org,remote-store-catalog (URLs/icons; optional),https://www.gutenberg.org/ebooks/28203
public/storeCatalog.json,3299,www.gutenberg.org,remote-store-catalog (URLs/icons; optional),https://www.gutenberg.org/ebooks/61262
public/storeCatalog.json,3316,www.gutenberg.org,remote-store-catalog (URLs/icons; optional),https://www.gutenberg.org/ebooks/8197
public/storeCatalog.json,3333,www.gutenberg.org,remote-store-catalog (URLs/icons; optional),https://www.gutenberg.org/ebooks/2350
public/storeCatalog.json,3350,www.gutenberg.org,remote-store-catalog (URLs/icons; optional),https://www.gutenberg.org/ebooks/18459
public/storeCatalog.json,3367,www.gutenberg.org,remote-store-catalog (URLs/icons; optional),https://www.gutenberg.org/ebooks/2038
public/storeCatalog.json,3384,www.gutenberg.org,remote-store-catalog (URLs/icons; optional),https://www.gutenberg.org/ebooks/53416
public/storeCatalog.json,3401,www.gutenberg.org,remote-store-catalog (URLs/icons; optional),https://www.gutenberg.org/ebooks/46976
public/storeCatalog.json,3418,www.gutenberg.org,remote-store-catalog (URLs/icons; optional),https://www.gutenberg.org/ebooks/70175
public/storeCatalog.json,3435,www.gutenberg.org,remote-store-catalog (URLs/icons; optional),https://www.gutenberg.org/ebooks/72824
public/storeCatalog.json,3452,www.gutenberg.org,remote-store-catalog (URLs/icons; optional),https://www.gutenberg.org/ebooks/155
public/storeCatalog.json,3469,www.gutenberg.org,remote-store-catalog (URLs/icons; optional),https://www.gutenberg.org/ebooks/558
public/storeCatalog.json,3486,www.gutenberg.org,remote-store-catalog (URLs/icons; optional),https://www.gutenberg.org/ebooks/35312
public/storeCatalog.json,3503,www.gutenberg.org,remote-store-catalog (URLs/icons; optional),https://www.gutenberg.org/ebooks/10441
public/storeCatalog.json,3520,www.gutenberg.org,remote-store-catalog (URLs/icons; optional),https://www.gutenberg.org/ebooks/61168
public/storeCatalog.json,3537,www.gutenberg.org,remote-store-catalog (URLs/icons; optional),https://www.gutenberg.org/ebooks/15381
public/storeCatalog.json,3554,www.gutenberg.org,remote-store-catalog (URLs/icons; optional),https://www.gutenberg.org/ebooks/18875
public/storeCatalog.json,3571,www.gutenberg.org,remote-store-catalog (URLs/icons; optional),https://www.gutenberg.org/ebooks/3289
public/storeCatalog.json,3588,www.gutenberg.org,remote-store-catalog (URLs/icons; optional),https://www.gutenberg.org/ebooks/36223
public/storeCatalog.json,3605,www.gutenberg.org,remote-store-catalog (URLs/icons; optional),https://www.gutenberg.org/ebooks/4200
public/storeCatalog.json,3622,www.gutenberg.org,remote-store-catalog (URLs/icons; optional),https://www.gutenberg.org/ebooks/18857
public/storeCatalog.json,3639,www.gutenberg.org,remote-store-catalog (URLs/icons; optional),https://www.gutenberg.org/ebooks/2760
public/storeCatalog.json,3656,www.gutenberg.org,remote-store-catalog (URLs/icons; optional),https://www.gutenberg.org/ebooks/53419
public/storeCatalog.json,3673,www.gutenberg.org,remote-store-catalog (URLs/icons; optional),https://www.gutenberg.org/ebooks/31257
public/storeCatalog.json,3690,www.gutenberg.org,remote-store-catalog (URLs/icons; optional),https://www.gutenberg.org/ebooks/32155
public/storeCatalog.json,3707,www.gutenberg.org,remote-store-catalog (URLs/icons; optional),https://www.gutenberg.org/ebooks/389
public/storeCatalog.json,3724,www.gutenberg.org,remote-store-catalog (URLs/icons; optional),https://www.gutenberg.org/ebooks/58866
public/storeCatalog.json,3741,www.gutenberg.org,remote-store-catalog (URLs/icons; optional),https://www.gutenberg.org/ebooks/35548
public/storeCatalog.json,3758,www.gutenberg.org,remote-store-catalog (URLs/icons; optional),https://www.gutenberg.org/ebooks/3530
public/storeCatalog.json,3775,www.gutenberg.org,remote-store-catalog (URLs/icons; optional),https://www.gutenberg.org/ebooks/974
public/storeCatalog.json,3792,www.gutenberg.org,remote-store-catalog (URLs/icons; optional),https://www.gutenberg.org/ebooks/31635
public/storeCatalog.json,3809,www.gutenberg.org,remote-store-catalog (URLs/icons; optional),https://www.gutenberg.org/ebooks/6400
public/storeCatalog.json,3826,www.gutenberg.org,remote-store-catalog (URLs/icons; optional),https://www.gutenberg.org/ebooks/22187
public/storeCatalog.json,3843,www.gutenberg.org,remote-store-catalog (URLs/icons; optional),https://www.gutenberg.org/ebooks/2806
public/storeCatalog.json,3860,www.gutenberg.org,remote-store-catalog (URLs/icons; optional),https://www.gutenberg.org/ebooks/560
public/storeCatalog.json,3877,www.gutenberg.org,remote-store-catalog (URLs/icons; optional),https://www.gutenberg.org/ebooks/537
public/storeCatalog.json,3894,www.gutenberg.org,remote-store-catalog (URLs/icons; optional),https://www.gutenberg.org/ebooks/63469
public/storeCatalog.json,3911,www.biblegateway.com,remote-store-catalog (URLs/icons; optional),https://www.biblegateway.com/
public/storeCatalog.json,3927,www.poetryfoundation.org,remote-store-catalog (URLs/icons; optional),https://www.poetryfoundation.org/
public/storeCatalog.json,3943,en.wiktionary.org,remote-store-catalog (URLs/icons; optional),https://en.wiktionary.org/wiki/Wiktionary:Main_Page
public/storeCatalog.json,3957,web-dashers.github.io,remote-store-catalog (URLs/icons; optional),https://web-dashers.github.io
public/storeCatalog.json,3973,bittuhere.github.io,remote-store-catalog (URLs/icons; optional),https://bittuhere.github.io
public/storeCatalog.user.json,5,raw.githubusercontent.com,remote-store-catalog (URLs/icons; optional),https://raw.githubusercontent.com/1j01/jspaint/master/images/icons/96x96.png
public/storeCatalog.user.json,14,jspaint.app,remote-store-catalog (URLs/icons; optional),https://jspaint.app
public/storeCatalog.user.json,21,www.photopea.com,remote-store-catalog (URLs/icons; optional),https://www.photopea.com/promo/icon512.png
public/storeCatalog.user.json,30,www.photopea.com,remote-store-catalog (URLs/icons; optional),https://www.photopea.com
public/storeCatalog.user.json,37,cdn.jsdelivr.net,remote-store-catalog (URLs/icons; optional),https://cdn.jsdelivr.net/gh/selfhst/icons/png/excalidraw.png
public/storeCatalog.user.json,46,excalidraw.com,remote-store-catalog (URLs/icons; optional),https://excalidraw.com
public/storeCatalog.user.json,53,en.wikipedia.org,remote-store-catalog (URLs/icons; optional),https://en.wikipedia.org/static/favicon/wikipedia.ico
public/storeCatalog.user.json,62,en.wikipedia.org,remote-store-catalog (URLs/icons; optional),https://en.wikipedia.org
public/storeCatalog.user.json,68,upload.wikimedia.org,remote-store-catalog (URLs/icons; optional),https://upload.wikimedia.org/wikipedia/commons/8/80/Wikipedia-logo-v2.svg
public/storeCatalog.user.json,73,upload.wikimedia.org,remote-store-catalog (URLs/icons; optional),https://upload.wikimedia.org/wikipedia/commons/5/51/Screenshot_of_the_Main_Page_on_the_English_Wikipedia_-_Wikipedia_25.png
public/storeCatalog.user.json,82,encrypted-tbn0.gstatic.com,remote-store-catalog (URLs/icons; optional),https://encrypted-tbn0.gstatic.com/images?q=tbn:ANd9GcQFOMheFqGupOnz2FKwAQ_0aES9d78WheCO-UdvRAwpKw&s
public/storeCatalog.user.json,91,happinessad.github.io,remote-store-catalog (URLs/icons; optional),https://happinessad.github.io/x/12/?up=6
public/storeCatalog.user.json,98,www.google.com,remote-store-catalog (URLs/icons; optional),https://www.google.com/s2/favicons?domain=smashkarts.io&sz=64
public/storeCatalog.user.json,107,smashkarts.io,remote-store-catalog (URLs/icons; optional),https://smashkarts.io
public/storeCatalog.user.json,114,www.google.com,remote-store-catalog (URLs/icons; optional),https://www.google.com/s2/favicons?domain=krunker.io&sz=64
public/storeCatalog.user.json,123,www.krunker.io,remote-store-catalog (URLs/icons; optional),https://www.krunker.io
public/storeCatalog.user.json,130,www.google.com,remote-store-catalog (URLs/icons; optional),https://www.google.com/s2/favicons?domain=chromedino.com&sz=64
public/storeCatalog.user.json,139,chromedino.com,remote-store-catalog (URLs/icons; optional),https://chromedino.com
public/storeCatalog.user.json,146,raw.githubusercontent.com,remote-store-catalog (URLs/icons; optional),https://raw.githubusercontent.com/bittuhere/2048/refs/heads/master/favicon.ico
public/storeCatalog.user.json,154,bittuhere.github.io,remote-store-catalog (URLs/icons; optional),https://bittuhere.github.io/2048
public/storeCatalog.user.json,162,www.google.com,remote-store-catalog (URLs/icons; optional),https://www.google.com/s2/favicons?domain=lichess.org&sz=64
public/storeCatalog.user.json,171,lichess.org,remote-store-catalog (URLs/icons; optional),https://lichess.org/tv/frame?theme=brown&bg=dark
public/storeCatalog.user.json,178,www.google.com,remote-store-catalog (URLs/icons; optional),https://www.google.com/s2/favicons?domain=hexgl.bkcore.com&sz=64
public/storeCatalog.user.json,187,hexgl.bkcore.com,remote-store-catalog (URLs/icons; optional),https://hexgl.bkcore.com/play/
public/storeCatalog.user.json,194,www.google.com,remote-store-catalog (URLs/icons; optional),https://www.google.com/s2/favicons?domain=ellisonleao.github.io&sz=64
public/storeCatalog.user.json,203,ellisonleao.github.io,remote-store-catalog (URLs/icons; optional),https://ellisonleao.github.io/clumsy-bird/
public/storeCatalog.user.json,210,www.google.com,remote-store-catalog (URLs/icons; optional),https://www.google.com/s2/favicons?domain=wwwtyro.github.io&sz=64
public/storeCatalog.user.json,219,wwwtyro.github.io,remote-store-catalog (URLs/icons; optional),https://wwwtyro.github.io/Astray/
public/storeCatalog.user.json,226,untrustedgame.com,remote-store-catalog (URLs/icons; optional),https://untrustedgame.com/favicon.ico
public/storeCatalog.user.json,235,alexnisnevich.github.io,remote-store-catalog (URLs/icons; optional),https://alexnisnevich.github.io/untrusted/
public/storeCatalog.user.json,242,www.google.com,remote-store-catalog (URLs/icons; optional),https://www.google.com/s2/favicons?domain=skribbl.io&sz=64
public/storeCatalog.user.json,251,skribbl.io,remote-store-catalog (URLs/icons; optional),https://skribbl.io
public/storeCatalog.user.json,258,www.google.com,remote-store-catalog (URLs/icons; optional),https://www.google.com/s2/favicons?domain=slither.io&sz=64
public/storeCatalog.user.json,267,slither.io,remote-store-catalog (URLs/icons; optional),https://slither.io
public/storeCatalog.user.json,274,encrypted-tbn0.gstatic.com,remote-store-catalog (URLs/icons; optional),https://encrypted-tbn0.gstatic.com/images?q=tbn:ANd9GcQfjU8PJ7DZ0JPM3jDO9vzHCcUAyb6lfKb5qt6c0mGjpg&s=10
public/storeCatalog.user.json,283,www.squidbyte.com,remote-store-catalog (URLs/icons; optional),https://www.squidbyte.com/games/spidersolitairewindowsxp
public/storeCatalog.user.json,290,www.google.com,remote-store-catalog (URLs/icons; optional),https://www.google.com/s2/favicons?domain=www.solitaire.org&sz=64
public/storeCatalog.user.json,299,www.solitaire.org,remote-store-catalog (URLs/icons; optional),https://www.solitaire.org
public/storeCatalog.user.json,306,www.google.com,remote-store-catalog (URLs/icons; optional),https://www.google.com/s2/favicons?domain=www.websudoku.com&sz=64
public/storeCatalog.user.json,315,www.websudoku.com,remote-store-catalog (URLs/icons; optional),https://www.websudoku.com
public/storeCatalog.user.json,322,www.google.com,remote-store-catalog (URLs/icons; optional),https://www.google.com/s2/favicons?domain=www.bing.com&sz=64
public/storeCatalog.user.json,331,www.bing.com,remote-store-catalog (URLs/icons; optional),https://www.bing.com/search?q=web
public/storeCatalog.user.json,338,www.google.com,remote-store-catalog (URLs/icons; optional),https://www.google.com/s2/favicons?domain=www.bing.com&sz=64
public/storeCatalog.user.json,347,www.bing.com,remote-store-catalog (URLs/icons; optional),https://www.bing.com/images
public/storeCatalog.user.json,354,www.google.com,remote-store-catalog (URLs/icons; optional),https://www.google.com/s2/favicons?domain=www.bing.com&sz=64
public/storeCatalog.user.json,363,www.bing.com,remote-store-catalog (URLs/icons; optional),https://www.bing.com/videos
public/storeCatalog.user.json,370,www.google.com,remote-store-catalog (URLs/icons; optional),https://www.google.com/s2/favicons?domain=www.bing.com&sz=64
public/storeCatalog.user.json,379,www.bing.com,remote-store-catalog (URLs/icons; optional),https://www.bing.com/news
public/storeCatalog.user.json,386,www.google.com,remote-store-catalog (URLs/icons; optional),https://www.google.com/s2/favicons?domain=search.marginalia.nu&sz=64
public/storeCatalog.user.json,395,search.marginalia.nu,remote-store-catalog (URLs/icons; optional),https://search.marginalia.nu
public/storeCatalog.user.json,410,wttr.in,remote-store-catalog (URLs/icons; optional),https://wttr.in/?lang=en
public/storeCatalog.user.json,413,wttr.in,remote-store-catalog (URLs/icons; optional),https://wttr.in/favicon.ico
public/storeCatalog.user.json,418,www.google.com,remote-store-catalog (URLs/icons; optional),https://www.google.com/s2/favicons?domain=www.weather.gov&sz=64
public/storeCatalog.user.json,427,www.weather.gov,remote-store-catalog (URLs/icons; optional),https://www.weather.gov
public/storeCatalog.user.json,434,www.google.com,remote-store-catalog (URLs/icons; optional),https://www.google.com/s2/favicons?domain=www.calculator.net&sz=64
public/storeCatalog.user.json,443,www.calculator.net,remote-store-catalog (URLs/icons; optional),https://www.calculator.net
public/storeCatalog.user.json,450,www.google.com,remote-store-catalog (URLs/icons; optional),https://www.google.com/s2/favicons?domain=www.urbandictionary.com&sz=64
public/storeCatalog.user.json,459,www.urbandictionary.com,remote-store-catalog (URLs/icons; optional),https://www.urbandictionary.com
public/storeCatalog.user.json,466,www.google.com,remote-store-catalog (URLs/icons; optional),https://www.google.com/s2/favicons?domain=www.gutenberg.org&sz=64
public/storeCatalog.user.json,475,www.gutenberg.org,remote-store-catalog (URLs/icons; optional),https://www.gutenberg.org
public/storeCatalog.user.json,482,www.google.com,remote-store-catalog (URLs/icons; optional),https://www.google.com/s2/favicons?domain=www.gutenberg.org&sz=64
public/storeCatalog.user.json,491,www.gutenberg.org,remote-store-catalog (URLs/icons; optional),https://www.gutenberg.org/ebooks/search/?query=verne
public/storeCatalog.user.json,498,www.designyourway.net,remote-store-catalog (URLs/icons; optional),https://www.designyourway.net/blog/wp-content/uploads/2024/11/Tetris-Logo-featured.jpg
public/storeCatalog.user.json,507,tetris-jeffdelara.netlify.app,remote-store-catalog (URLs/icons; optional),https://tetris-jeffdelara.netlify.app/
public/storeCatalog.user.json,521,silzhu.github.io,remote-store-catalog (URLs/icons; optional),https://silzhu.github.io/floppybird/
public/storeCatalog.user.json,524,raw.githubusercontent.com,remote-store-catalog (URLs/icons; optional),https://raw.githubusercontent.com/bittuhere/images/refs/heads/main/flappy-bird.png
public/storeCatalog.user.json,530,www.google.com,remote-store-catalog (URLs/icons; optional),https://www.google.com/s2/favicons?domain=freepacman.org&sz=64
public/storeCatalog.user.json,539,freepacman.org,remote-store-catalog (URLs/icons; optional),https://freepacman.org
public/storeCatalog.user.json,546,en.wikibooks.org,remote-store-catalog (URLs/icons; optional),https://en.wikibooks.org/static/favicon/wikibooks.ico
public/storeCatalog.user.json,555,en.wikibooks.org,remote-store-catalog (URLs/icons; optional),https://en.wikibooks.org
public/storeCatalog.user.json,562,en.wikinews.org,remote-store-catalog (URLs/icons; optional),https://en.wikinews.org/static/favicon/wikinews.ico
public/storeCatalog.user.json,571,en.wikinews.org,remote-store-catalog (URLs/icons; optional),https://en.wikinews.org
public/storeCatalog.user.json,578,en.wikisource.org,remote-store-catalog (URLs/icons; optional),https://en.wikisource.org/static/favicon/wikisource.ico
public/storeCatalog.user.json,587,en.wikisource.org,remote-store-catalog (URLs/icons; optional),https://en.wikisource.org
public/storeCatalog.user.json,594,en.wikivoyage.org,remote-store-catalog (URLs/icons; optional),https://en.wikivoyage.org/static/favicon/wikivoyage.ico
public/storeCatalog.user.json,603,en.wikivoyage.org,remote-store-catalog (URLs/icons; optional),https://en.wikivoyage.org
public/storeCatalog.user.json,610,hi.wikibooks.org,remote-store-catalog (URLs/icons; optional),https://hi.wikibooks.org/static/favicon/wikibooks.ico
public/storeCatalog.user.json,619,hi.wikibooks.org,remote-store-catalog (URLs/icons; optional),https://hi.wikibooks.org
public/storeCatalog.user.json,626,hi.wikiquote.org,remote-store-catalog (URLs/icons; optional),https://hi.wikiquote.org/static/favicon/wikiquote.ico
public/storeCatalog.user.json,635,hi.wikiquote.org,remote-store-catalog (URLs/icons; optional),https://hi.wikiquote.org
public/storeCatalog.user.json,642,hi.wikivoyage.org,remote-store-catalog (URLs/icons; optional),https://hi.wikivoyage.org/static/favicon/wikivoyage.ico
public/storeCatalog.user.json,651,hi.wikivoyage.org,remote-store-catalog (URLs/icons; optional),https://hi.wikivoyage.org
public/storeCatalog.user.json,658,sa.wikisource.org,remote-store-catalog (URLs/icons; optional),https://sa.wikisource.org/static/favicon/wikisource.ico
public/storeCatalog.user.json,667,sa.wikisource.org,remote-store-catalog (URLs/icons; optional),https://sa.wikisource.org
public/storeCatalog.user.json,674,simple.wikiquote.org,remote-store-catalog (URLs/icons; optional),https://simple.wikiquote.org/static/favicon/wikiquote.ico
public/storeCatalog.user.json,683,simple.wikiquote.org,remote-store-catalog (URLs/icons; optional),https://simple.wikiquote.org
public/storeCatalog.user.json,690,www.google.com,remote-store-catalog (URLs/icons; optional),https://www.google.com/s2/favicons?domain=www.wikidata.org&sz=64
public/storeCatalog.user.json,699,www.wikidata.org,remote-store-catalog (URLs/icons; optional),https://www.wikidata.org
public/storeCatalog.user.json,706,meta.wikimedia.org,remote-store-catalog (URLs/icons; optional),https://meta.wikimedia.org/favicon.ico
public/storeCatalog.user.json,715,meta.wikimedia.org,remote-store-catalog (URLs/icons; optional),https://meta.wikimedia.org
public/storeCatalog.user.json,722,www.google.com,remote-store-catalog (URLs/icons; optional),https://www.google.com/s2/favicons?domain=species.wikimedia.org&sz=64
public/storeCatalog.user.json,731,species.wikimedia.org,remote-store-catalog (URLs/icons; optional),https://species.wikimedia.org
public/storeCatalog.user.json,738,www.google.com,remote-store-catalog (URLs/icons; optional),https://www.google.com/s2/favicons?domain=www.mediawiki.org&sz=64
public/storeCatalog.user.json,747,www.mediawiki.org,remote-store-catalog (URLs/icons; optional),https://www.mediawiki.org
public/storeCatalog.user.json,754,incubator.wikimedia.org,remote-store-catalog (URLs/icons; optional),https://incubator.wikimedia.org/favicon.ico
public/storeCatalog.user.json,763,incubator.wikimedia.org,remote-store-catalog (URLs/icons; optional),https://incubator.wikimedia.org
public/storeCatalog.user.json,770,thumb.wikimedia.org,remote-store-catalog (URLs/icons; optional),https://thumb.wikimedia.org/wikipedia/commons/thumb/9/9a/Visual_Studio_Code_1.35_icon.svg/960px-Visual_Studio_Code_1.35_icon.svg.png?utm_source=commons.wikimedia.org&utm_campaign=index&utm_content=thumbnail&_=20210804221519
public/storeCatalog.user.json,778,github1s.com,remote-store-catalog (URLs/icons; optional),https://github1s.com/win11/win11/
public/storeCatalog.user.json,787,android.blueedge.me,remote-store-catalog (URLs/icons; optional),https://android.blueedge.me/favicon.ico
public/storeCatalog.user.json,796,android.blueedge.me,remote-store-catalog (URLs/icons; optional),https://android.blueedge.me
public/storeCatalog.user.json,804,avatars.githubusercontent.com,remote-store-catalog (URLs/icons; optional),https://avatars.githubusercontent.com/u/3671647?s=64
public/storeCatalog.user.json,813,meet.jit.si,remote-store-catalog (URLs/icons; optional),https://meet.jit.si/
public/storeCatalog.user.json,821,www.google.com,remote-store-catalog (URLs/icons; optional),https://www.google.com/s2/favicons?domain=cstimer.net&sz=64
public/storeCatalog.user.json,830,cstimer.net,remote-store-catalog (URLs/icons; optional),https://cstimer.net
public/storeCatalog.user.json,838,encrypted-tbn0.gstatic.com,remote-store-catalog (URLs/icons; optional),https://encrypted-tbn0.gstatic.com/images?q=tbn:ANd9GcTT80MZ0pJbnbzvFsTfnlDD2_9YFydQrKSYxqFoCezMuQ&s=10
public/storeCatalog.user.json,847,run3.io,remote-store-catalog (URLs/icons; optional),https://run3.io/popgame/fnaf/fnaf1/
public/storeCatalog.user.json,855,www.google.com,remote-store-catalog (URLs/icons; optional),https://www.google.com/s2/favicons?domain=svelte-candy-crush.vercel.app&sz=64
public/storeCatalog.user.json,864,svelte-candy-crush.vercel.app,remote-store-catalog (URLs/icons; optional),https://svelte-candy-crush.vercel.app/
public/storeCatalog.user.json,872,www.google.com,remote-store-catalog (URLs/icons; optional),https://www.google.com/s2/favicons?domain=windows96.net&sz=64
public/storeCatalog.user.json,881,windows96.net,remote-store-catalog (URLs/icons; optional),https://windows96.net/
public/storeCatalog.user.json,889,github.com,remote-store-catalog (URLs/icons; optional),https://github.com/RedEdge967/mdown-editor/raw/master/favicon.png
public/storeCatalog.user.json,898,rededge967.github.io,remote-store-catalog (URLs/icons; optional),https://rededge967.github.io/mdown-editor/
public/storeCatalog.user.json,906,www.google.com,remote-store-catalog (URLs/icons; optional),https://www.google.com/s2/favicons?domain=doodlecricket.github.io&sz=64
public/storeCatalog.user.json,915,doodlecricket.github.io,remote-store-catalog (URLs/icons; optional),https://doodlecricket.github.io/#/
public/storeCatalog.user.json,923,www.google.com,remote-store-catalog (URLs/icons; optional),https://www.google.com/s2/favicons?domain=eggcombat.com&sz=64
public/storeCatalog.user.json,932,eggcombat.com,remote-store-catalog (URLs/icons; optional),https://eggcombat.com/
public/storeCatalog.user.json,940,venge.io,remote-store-catalog (URLs/icons; optional),https://venge.io/favicon-96x96.png
public/storeCatalog.user.json,949,venge.io,remote-store-catalog (URLs/icons; optional),https://venge.io/
public/storeCatalog.user.json,957,www.google.com,remote-store-catalog (URLs/icons; optional),https://www.google.com/s2/favicons?domain=rededge.is-a.dev&sz=64
public/storeCatalog.user.json,966,rededge.is-a.dev,remote-store-catalog (URLs/icons; optional),https://rededge.is-a.dev/Doctor-Strange
public/storeCatalog.user.json,974,icons.iconarchive.com,remote-store-catalog (URLs/icons; optional),https://icons.iconarchive.com/icons/ph03nyx/super-mario/128/Retro-Mario-icon.png
public/storeCatalog.user.json,983,supermario-game.com,remote-store-catalog (URLs/icons; optional),https://supermario-game.com/mario-game/mario.html
public/storeCatalog.user.json,991,www.google.com,remote-store-catalog (URLs/icons; optional),https://www.google.com/s2/favicons?domain=mk-wiki.vercel.app&sz=64
public/storeCatalog.user.json,1000,mk-wiki.vercel.app,remote-store-catalog (URLs/icons; optional),https://mk-wiki.vercel.app
public/storeCatalog.user.json,1008,dl.flathub.org,remote-store-catalog (URLs/icons; optional),https://dl.flathub.org/repo/appstream/x86_64/icons/128x128/org.gnome.Reversi.png
public/storeCatalog.user.json,1017,othello.blueedge.me,remote-store-catalog (URLs/icons; optional),https://othello.blueedge.me
public/storeCatalog.user.json,1025,upload.wikimedia.org,remote-store-catalog (URLs/icons; optional),https://upload.wikimedia.org/wikipedia/en/0/0a/Flappy_Bird_icon.png
public/storeCatalog.user.json,1034,playcanv.as,remote-store-catalog (URLs/icons; optional),https://playcanv.as/p/2OlkUaxF/
public/storeCatalog.user.json,1042,raw.githubusercontent.com,remote-store-catalog (URLs/icons; optional),https://raw.githubusercontent.com/blueedgetechno/bluelab/master/public/logo192.png
public/storeCatalog.user.json,1051,bluelab.blueedge.me,remote-store-catalog (URLs/icons; optional),https://bluelab.blueedge.me
public/storeCatalog.user.json,1059,joshua-usi.github.io,remote-store-catalog (URLs/icons; optional),https://joshua-usi.github.io/osw/src/images/osw.png
public/storeCatalog.user.json,1068,joshua-usi.github.io,remote-store-catalog (URLs/icons; optional),https://joshua-usi.github.io/osw/
public/storeCatalog.user.json,1076,www.google.com,remote-store-catalog (URLs/icons; optional),https://www.google.com/s2/favicons?domain=dashclicker.com&sz=64
public/storeCatalog.user.json,1085,dashclicker.com,remote-store-catalog (URLs/icons; optional),https://dashclicker.com/
public/storeCatalog.user.json,1093,encrypted-tbn0.gstatic.com,remote-store-catalog (URLs/icons; optional),https://encrypted-tbn0.gstatic.com/images?q=tbn:ANd9GcRWoWgKDs0a1Xkay05RtK4ITXhxd1w7oOuwO12NJKFvRA&s=10
public/storeCatalog.user.json,1102,react-shooter.vercel.app,remote-store-catalog (URLs/icons; optional),https://react-shooter.vercel.app/
public/storeCatalog.user.json,1110,www.google.com,remote-store-catalog (URLs/icons; optional),https://www.google.com/s2/favicons?domain=pulsus.cc&sz=64
public/storeCatalog.user.json,1119,www.pulsus.cc,remote-store-catalog (URLs/icons; optional),https://www.pulsus.cc/play
public/storeCatalog.user.json,1127,bemuse.ninja,remote-store-catalog (URLs/icons; optional),https://bemuse.ninja/res/og-image.png
public/storeCatalog.user.json,1136,bemuse.ninja,remote-store-catalog (URLs/icons; optional),https://bemuse.ninja/
public/storeCatalog.user.json,1144,encrypted-tbn0.gstatic.com,remote-store-catalog (URLs/icons; optional),https://encrypted-tbn0.gstatic.com/images?q=tbn:ANd9GcQ2Ug_7RNsH8YEddILsMKUUO_IfL1XCECdC7Uv1HSSancIu1K5MyEIryWQ&s=10
public/storeCatalog.user.json,1153,goldengocoding.github.io,remote-store-catalog (URLs/icons; optional),https://goldengocoding.github.io/iPadOS/
public/storeCatalog.user.json,1161,www.google.com,remote-store-catalog (URLs/icons; optional),https://www.google.com/s2/favicons?domain=3dtuning.com&sz=64
public/storeCatalog.user.json,1170,www.3dtuning.com,remote-store-catalog (URLs/icons; optional),https://www.3dtuning.com/en-US/
public/storeCatalog.user.json,1178,www.google.com,remote-store-catalog (URLs/icons; optional),https://www.google.com/s2/favicons?domain=diep.io&sz=64
public/storeCatalog.user.json,1187,diep.io,remote-store-catalog (URLs/icons; optional),https://diep.io/
public/storeCatalog.user.json,1194,www.google.com,remote-store-catalog (URLs/icons; optional),https://www.google.com/s2/favicons?domain=splix.io&sz=64
public/storeCatalog.user.json,1203,splix.io,remote-store-catalog (URLs/icons; optional),https://splix.io/
public/storeCatalog.user.json,1210,www.google.com,remote-store-catalog (URLs/icons; optional),https://www.google.com/s2/favicons?domain=mope.io&sz=64
public/storeCatalog.user.json,1219,mope.io,remote-store-catalog (URLs/icons; optional),https://mope.io/
public/storeCatalog.user.json,1226,www.google.com,remote-store-catalog (URLs/icons; optional),https://www.google.com/s2/favicons?domain=starve.io&sz=64
public/storeCatalog.user.json,1235,starve.io,remote-store-catalog (URLs/icons; optional),https://starve.io/
public/storeCatalog.user.json,1242,www.google.com,remote-store-catalog (URLs/icons; optional),https://www.google.com/s2/favicons?domain=zombsroyale.io&sz=64
public/storeCatalog.user.json,1251,zombsroyale.io,remote-store-catalog (URLs/icons; optional),https://zombsroyale.io/
public/storeCatalog.user.json,1258,www.google.com,remote-store-catalog (URLs/icons; optional),https://www.google.com/s2/favicons?domain=littlebigsnake.com&sz=64
public/storeCatalog.user.json,1267,littlebigsnake.com,remote-store-catalog (URLs/icons; optional),https://littlebigsnake.com/
public/storeCatalog.user.json,1274,www.google.com,remote-store-catalog (URLs/icons; optional),https://www.google.com/s2/favicons?domain=taming.io&sz=64
public/storeCatalog.user.json,1283,taming.io,remote-store-catalog (URLs/icons; optional),https://taming.io/
public/storeCatalog.user.json,1290,www.google.com,remote-store-catalog (URLs/icons; optional),https://www.google.com/s2/favicons?domain=gulper.io&sz=64
public/storeCatalog.user.json,1299,gulper.io,remote-store-catalog (URLs/icons; optional),https://gulper.io/
public/storeCatalog.user.json,1306,www.google.com,remote-store-catalog (URLs/icons; optional),https://www.google.com/s2/favicons?domain=defly.io&sz=64
public/storeCatalog.user.json,1315,defly.io,remote-store-catalog (URLs/icons; optional),https://defly.io/
public/storeCatalog.user.json,1322,www.google.com,remote-store-catalog (URLs/icons; optional),https://www.google.com/s2/favicons?domain=superhex.io&sz=64
public/storeCatalog.user.json,1331,superhex.io,remote-store-catalog (URLs/icons; optional),https://superhex.io/
public/storeCatalog.user.json,1338,www.google.com,remote-store-catalog (URLs/icons; optional),https://www.google.com/s2/favicons?domain=sploop.io&sz=64
public/storeCatalog.user.json,1347,sploop.io,remote-store-catalog (URLs/icons; optional),https://sploop.io/
public/storeCatalog.user.json,1354,www.google.com,remote-store-catalog (URLs/icons; optional),https://www.google.com/s2/favicons?domain=terr.io&sz=64
public/storeCatalog.user.json,1363,terr.io,remote-store-catalog (URLs/icons; optional),https://terr.io/
public/storeCatalog.user.json,1370,www.google.com,remote-store-catalog (URLs/icons; optional),https://www.google.com/s2/favicons?domain=tldraw.com&sz=64
public/storeCatalog.user.json,1379,www.tldraw.com,remote-store-catalog (URLs/icons; optional),https://www.tldraw.com/
public/storeCatalog.user.json,1386,www.google.com,remote-store-catalog (URLs/icons; optional),https://www.google.com/s2/favicons?domain=pixilart.com&sz=64
public/storeCatalog.user.json,1395,www.pixilart.com,remote-store-catalog (URLs/icons; optional),https://www.pixilart.com/draw
public/storeCatalog.user.json,1402,www.google.com,remote-store-catalog (URLs/icons; optional),https://www.google.com/s2/favicons?domain=devdocs.io&sz=64
public/storeCatalog.user.json,1411,devdocs.io,remote-store-catalog (URLs/icons; optional),https://devdocs.io/
public/storeCatalog.user.json,1418,www.google.com,remote-store-catalog (URLs/icons; optional),https://www.google.com/s2/favicons?domain=regexr.com&sz=64
public/storeCatalog.user.json,1427,regexr.com,remote-store-catalog (URLs/icons; optional),https://regexr.com/
public/storeCatalog.user.json,1434,www.google.com,remote-store-catalog (URLs/icons; optional),https://www.google.com/s2/favicons?domain=onecompiler.com&sz=64
public/storeCatalog.user.json,1443,onecompiler.com,remote-store-catalog (URLs/icons; optional),https://onecompiler.com/
public/storeCatalog.user.json,1450,www.google.com,remote-store-catalog (URLs/icons; optional),https://www.google.com/s2/favicons?domain=coolors.co&sz=64
public/storeCatalog.user.json,1459,coolors.co,remote-store-catalog (URLs/icons; optional),https://coolors.co/
public/storeCatalog.user.json,1466,www.google.com,remote-store-catalog (URLs/icons; optional),https://www.google.com/s2/favicons?domain=ptable.com&sz=64
public/storeCatalog.user.json,1475,ptable.com,remote-store-catalog (URLs/icons; optional),https://ptable.com/
public/storeCatalog.user.json,1482,www.google.com,remote-store-catalog (URLs/icons; optional),https://www.google.com/s2/favicons?domain=stellarium-web.org&sz=64
public/storeCatalog.user.json,1491,stellarium-web.org,remote-store-catalog (URLs/icons; optional),https://stellarium-web.org/
public/storeCatalog.user.json,1498,www.google.com,remote-store-catalog (URLs/icons; optional),https://www.google.com/s2/favicons?domain=solarsystemscope.com&sz=64
public/storeCatalog.user.json,1507,www.solarsystemscope.com,remote-store-catalog (URLs/icons; optional),https://www.solarsystemscope.com/
public/storeCatalog.user.json,1514,www.google.com,remote-store-catalog (URLs/icons; optional),https://www.google.com/s2/favicons?domain=htwins.net&sz=64
public/storeCatalog.user.json,1523,htwins.net,remote-store-catalog (URLs/icons; optional),https://htwins.net/scale2/
public/storeCatalog.user.json,1530,www.google.com,remote-store-catalog (URLs/icons; optional),https://www.google.com/s2/favicons?domain=chosic.com&sz=64
public/storeCatalog.user.json,1539,www.chosic.com,remote-store-catalog (URLs/icons; optional),https://www.chosic.com/free-music/all/
public/storeCatalog.user.json,1546,www.google.com,remote-store-catalog (URLs/icons; optional),https://www.google.com/s2/favicons?domain=theuselessweb.com&sz=64
public/storeCatalog.user.json,1555,theuselessweb.com,remote-store-catalog (URLs/icons; optional),https://theuselessweb.com/
public/storeCatalog.user.json,1562,www.google.com,remote-store-catalog (URLs/icons; optional),https://www.google.com/s2/favicons?domain=pointerpointer.com&sz=64
public/storeCatalog.user.json,1571,pointerpointer.com,remote-store-catalog (URLs/icons; optional),https://pointerpointer.com/
public/storeCatalog.user.json,1578,www.google.com,remote-store-catalog (URLs/icons; optional),https://www.google.com/s2/favicons?domain=keybr.com&sz=64
public/storeCatalog.user.json,1587,www.keybr.com,remote-store-catalog (URLs/icons; optional),https://www.keybr.com/
public/storeCatalog.user.json,1594,www.google.com,remote-store-catalog (URLs/icons; optional),https://www.google.com/s2/favicons?domain=zty.pe&sz=64
public/storeCatalog.user.json,1603,zty.pe,remote-store-catalog (URLs/icons; optional),https://zty.pe/
public/storeCatalog.user.json,1610,www.google.com,remote-store-catalog (URLs/icons; optional),https://www.google.com/s2/favicons?domain=typingtest.com&sz=64
public/storeCatalog.user.json,1619,www.typingtest.com,remote-store-catalog (URLs/icons; optional),https://www.typingtest.com/
public/storeCatalog.user.json,1626,www.gutenberg.org,remote-store-catalog (URLs/icons; optional),https://www.gutenberg.org/cache/epub/2701/pg2701.cover.medium.jpg
public/storeCatalog.user.json,1635,www.gutenberg.org,remote-store-catalog (URLs/icons; optional),https://www.gutenberg.org/ebooks/2701
public/storeCatalog.user.json,1643,www.gutenberg.org,remote-store-catalog (URLs/icons; optional),https://www.gutenberg.org/cache/epub/1342/pg1342.cover.medium.jpg
public/storeCatalog.user.json,1652,www.gutenberg.org,remote-store-catalog (URLs/icons; optional),https://www.gutenberg.org/ebooks/1342
public/storeCatalog.user.json,1660,www.gutenberg.org,remote-store-catalog (URLs/icons; optional),https://www.gutenberg.org/cache/epub/1727/pg1727.cover.medium.jpg
public/storeCatalog.user.json,1669,www.gutenberg.org,remote-store-catalog (URLs/icons; optional),https://www.gutenberg.org/ebooks/1727
public/storeCatalog.user.json,1677,www.gutenberg.org,remote-store-catalog (URLs/icons; optional),https://www.gutenberg.org/cache/epub/2641/pg2641.cover.medium.jpg
public/storeCatalog.user.json,1686,www.gutenberg.org,remote-store-catalog (URLs/icons; optional),https://www.gutenberg.org/ebooks/2641
public/storeCatalog.user.json,1694,www.gutenberg.org,remote-store-catalog (URLs/icons; optional),https://www.gutenberg.org/cache/epub/2554/pg2554.cover.medium.jpg
public/storeCatalog.user.json,1703,www.gutenberg.org,remote-store-catalog (URLs/icons; optional),https://www.gutenberg.org/ebooks/2554
public/storeCatalog.user.json,1711,www.gutenberg.org,remote-store-catalog (URLs/icons; optional),https://www.gutenberg.org/cache/epub/65238/pg65238.cover.medium.jpg
public/storeCatalog.user.json,1720,www.gutenberg.org,remote-store-catalog (URLs/icons; optional),https://www.gutenberg.org/ebooks/65238
public/storeCatalog.user.json,1728,www.gutenberg.org,remote-store-catalog (URLs/icons; optional),https://www.gutenberg.org/cache/epub/3268/pg3268.cover.medium.jpg
public/storeCatalog.user.json,1737,www.gutenberg.org,remote-store-catalog (URLs/icons; optional),https://www.gutenberg.org/ebooks/3268
public/storeCatalog.user.json,1745,www.gutenberg.org,remote-store-catalog (URLs/icons; optional),https://www.gutenberg.org/cache/epub/1513/pg1513.cover.medium.jpg
public/storeCatalog.user.json,1754,www.gutenberg.org,remote-store-catalog (URLs/icons; optional),https://www.gutenberg.org/ebooks/1513
public/storeCatalog.user.json,1762,www.gutenberg.org,remote-store-catalog (URLs/icons; optional),https://www.gutenberg.org/cache/epub/2465/pg2465.cover.medium.jpg
public/storeCatalog.user.json,1771,www.gutenberg.org,remote-store-catalog (URLs/icons; optional),https://www.gutenberg.org/ebooks/2465
public/storeCatalog.user.json,1779,www.gutenberg.org,remote-store-catalog (URLs/icons; optional),https://www.gutenberg.org/cache/epub/2868/pg2868.cover.medium.jpg
public/storeCatalog.user.json,1788,www.gutenberg.org,remote-store-catalog (URLs/icons; optional),https://www.gutenberg.org/ebooks/2868
public/storeCatalog.user.json,1796,www.gutenberg.org,remote-store-catalog (URLs/icons; optional),https://www.gutenberg.org/cache/epub/1661/pg1661.cover.medium.jpg
public/storeCatalog.user.json,1805,www.gutenberg.org,remote-store-catalog (URLs/icons; optional),https://www.gutenberg.org/ebooks/1661
public/storeCatalog.user.json,1813,www.gutenberg.org,remote-store-catalog (URLs/icons; optional),https://www.gutenberg.org/cache/epub/67979/pg67979.cover.medium.jpg
public/storeCatalog.user.json,1822,www.gutenberg.org,remote-store-catalog (URLs/icons; optional),https://www.gutenberg.org/ebooks/67979
public/storeCatalog.user.json,1830,www.gutenberg.org,remote-store-catalog (URLs/icons; optional),https://www.gutenberg.org/cache/epub/1260/pg1260.cover.medium.jpg
public/storeCatalog.user.json,1839,www.gutenberg.org,remote-store-catalog (URLs/icons; optional),https://www.gutenberg.org/ebooks/1260
public/storeCatalog.user.json,1847,www.gutenberg.org,remote-store-catalog (URLs/icons; optional),https://www.gutenberg.org/cache/epub/34413/pg34413.cover.medium.jpg
public/storeCatalog.user.json,1856,www.gutenberg.org,remote-store-catalog (URLs/icons; optional),https://www.gutenberg.org/ebooks/34413
public/storeCatalog.user.json,1864,www.gutenberg.org,remote-store-catalog (URLs/icons; optional),https://www.gutenberg.org/cache/epub/62215/pg62215.cover.medium.jpg
public/storeCatalog.user.json,1873,www.gutenberg.org,remote-store-catalog (URLs/icons; optional),https://www.gutenberg.org/ebooks/62215
public/storeCatalog.user.json,1881,www.gutenberg.org,remote-store-catalog (URLs/icons; optional),https://www.gutenberg.org/cache/epub/1695/pg1695.cover.medium.jpg
public/storeCatalog.user.json,1890,www.gutenberg.org,remote-store-catalog (URLs/icons; optional),https://www.gutenberg.org/ebooks/1695
public/storeCatalog.user.json,1898,www.gutenberg.org,remote-store-catalog (URLs/icons; optional),https://www.gutenberg.org/cache/epub/345/pg345.cover.medium.jpg
public/storeCatalog.user.json,1907,www.gutenberg.org,remote-store-catalog (URLs/icons; optional),https://www.gutenberg.org/ebooks/345
public/storeCatalog.user.json,1915,www.gutenberg.org,remote-store-catalog (URLs/icons; optional),https://www.gutenberg.org/cache/epub/11/pg11.cover.medium.jpg
public/storeCatalog.user.json,1924,www.gutenberg.org,remote-store-catalog (URLs/icons; optional),https://www.gutenberg.org/ebooks/11
public/storeCatalog.user.json,1932,www.gutenberg.org,remote-store-catalog (URLs/icons; optional),https://www.gutenberg.org/cache/epub/5197/pg5197.cover.medium.jpg
public/storeCatalog.user.json,1941,www.gutenberg.org,remote-store-catalog (URLs/icons; optional),https://www.gutenberg.org/ebooks/5197
public/storeCatalog.user.json,1949,www.gutenberg.org,remote-store-catalog (URLs/icons; optional),https://www.gutenberg.org/cache/epub/21839/pg21839.cover.medium.jpg
public/storeCatalog.user.json,1958,www.gutenberg.org,remote-store-catalog (URLs/icons; optional),https://www.gutenberg.org/ebooks/21839
public/storeCatalog.user.json,1966,www.gutenberg.org,remote-store-catalog (URLs/icons; optional),https://www.gutenberg.org/cache/epub/43/pg43.cover.medium.jpg
public/storeCatalog.user.json,1975,www.gutenberg.org,remote-store-catalog (URLs/icons; optional),https://www.gutenberg.org/ebooks/43
public/storeCatalog.user.json,1983,www.gutenberg.org,remote-store-catalog (URLs/icons; optional),https://www.gutenberg.org/cache/epub/6133/pg6133.cover.medium.jpg
public/storeCatalog.user.json,1992,www.gutenberg.org,remote-store-catalog (URLs/icons; optional),https://www.gutenberg.org/ebooks/6133
public/storeCatalog.user.json,2000,www.gutenberg.org,remote-store-catalog (URLs/icons; optional),https://www.gutenberg.org/cache/epub/42/pg42.cover.medium.jpg
public/storeCatalog.user.json,2009,www.gutenberg.org,remote-store-catalog (URLs/icons; optional),https://www.gutenberg.org/ebooks/42
public/storeCatalog.user.json,2017,www.gutenberg.org,remote-store-catalog (URLs/icons; optional),https://www.gutenberg.org/cache/epub/2680/pg2680.cover.medium.jpg
public/storeCatalog.user.json,2026,www.gutenberg.org,remote-store-catalog (URLs/icons; optional),https://www.gutenberg.org/ebooks/2680
public/storeCatalog.user.json,2034,www.gutenberg.org,remote-store-catalog (URLs/icons; optional),https://www.gutenberg.org/cache/epub/3011/pg3011.cover.medium.jpg
public/storeCatalog.user.json,2043,www.gutenberg.org,remote-store-catalog (URLs/icons; optional),https://www.gutenberg.org/ebooks/3011
public/storeCatalog.user.json,2051,www.gutenberg.org,remote-store-catalog (URLs/icons; optional),https://www.gutenberg.org/cache/epub/468/pg468.cover.medium.jpg
public/storeCatalog.user.json,2060,www.gutenberg.org,remote-store-catalog (URLs/icons; optional),https://www.gutenberg.org/ebooks/468
public/storeCatalog.user.json,2068,www.gutenberg.org,remote-store-catalog (URLs/icons; optional),https://www.gutenberg.org/cache/epub/51252/pg51252.cover.medium.jpg
public/storeCatalog.user.json,2077,www.gutenberg.org,remote-store-catalog (URLs/icons; optional),https://www.gutenberg.org/ebooks/51252
public/storeCatalog.user.json,2085,www.gutenberg.org,remote-store-catalog (URLs/icons; optional),https://www.gutenberg.org/cache/epub/76639/pg76639.cover.medium.jpg
public/storeCatalog.user.json,2094,www.gutenberg.org,remote-store-catalog (URLs/icons; optional),https://www.gutenberg.org/ebooks/76639
public/storeCatalog.user.json,2102,www.gutenberg.org,remote-store-catalog (URLs/icons; optional),https://www.gutenberg.org/cache/epub/564/pg564.cover.medium.jpg
public/storeCatalog.user.json,2111,www.gutenberg.org,remote-store-catalog (URLs/icons; optional),https://www.gutenberg.org/ebooks/564
public/storeCatalog.user.json,2119,www.gutenberg.org,remote-store-catalog (URLs/icons; optional),https://www.gutenberg.org/cache/epub/47530/pg47530.cover.medium.jpg
public/storeCatalog.user.json,2128,www.gutenberg.org,remote-store-catalog (URLs/icons; optional),https://www.gutenberg.org/ebooks/47530
public/storeCatalog.user.json,2136,www.gutenberg.org,remote-store-catalog (URLs/icons; optional),https://www.gutenberg.org/cache/epub/72/pg72.cover.medium.jpg
public/storeCatalog.user.json,2145,www.gutenberg.org,remote-store-catalog (URLs/icons; optional),https://www.gutenberg.org/ebooks/72
public/storeCatalog.user.json,2153,www.gutenberg.org,remote-store-catalog (URLs/icons; optional),https://www.gutenberg.org/cache/epub/22541/pg22541.cover.medium.jpg
public/storeCatalog.user.json,2162,www.gutenberg.org,remote-store-catalog (URLs/icons; optional),https://www.gutenberg.org/ebooks/22541
public/storeCatalog.user.json,2170,www.gutenberg.org,remote-store-catalog (URLs/icons; optional),https://www.gutenberg.org/cache/epub/75201/pg75201.cover.medium.jpg
public/storeCatalog.user.json,2179,www.gutenberg.org,remote-store-catalog (URLs/icons; optional),https://www.gutenberg.org/ebooks/75201
public/storeCatalog.user.json,2187,www.gutenberg.org,remote-store-catalog (URLs/icons; optional),https://www.gutenberg.org/cache/epub/45839/pg45839.cover.medium.jpg
public/storeCatalog.user.json,2196,www.gutenberg.org,remote-store-catalog (URLs/icons; optional),https://www.gutenberg.org/ebooks/45839
public/storeCatalog.user.json,2204,www.gutenberg.org,remote-store-catalog (URLs/icons; optional),https://www.gutenberg.org/cache/epub/3296/pg3296.cover.medium.jpg
public/storeCatalog.user.json,2213,www.gutenberg.org,remote-store-catalog (URLs/icons; optional),https://www.gutenberg.org/ebooks/3296
public/storeCatalog.user.json,2221,www.gutenberg.org,remote-store-catalog (URLs/icons; optional),https://www.gutenberg.org/cache/epub/7326/pg7326.cover.medium.jpg
public/storeCatalog.user.json,2230,www.gutenberg.org,remote-store-catalog (URLs/icons; optional),https://www.gutenberg.org/ebooks/7326
public/storeCatalog.user.json,2238,www.gutenberg.org,remote-store-catalog (URLs/icons; optional),https://www.gutenberg.org/cache/epub/42671/pg42671.cover.medium.jpg
public/storeCatalog.user.json,2247,www.gutenberg.org,remote-store-catalog (URLs/icons; optional),https://www.gutenberg.org/ebooks/42671
public/storeCatalog.user.json,2255,www.gutenberg.org,remote-store-catalog (URLs/icons; optional),https://www.gutenberg.org/cache/epub/145/pg145.cover.medium.jpg
public/storeCatalog.user.json,2264,www.gutenberg.org,remote-store-catalog (URLs/icons; optional),https://www.gutenberg.org/ebooks/145
public/storeCatalog.user.json,2272,www.gutenberg.org,remote-store-catalog (URLs/icons; optional),https://www.gutenberg.org/cache/epub/19476/pg19476.cover.medium.jpg
public/storeCatalog.user.json,2281,www.gutenberg.org,remote-store-catalog (URLs/icons; optional),https://www.gutenberg.org/ebooks/19476
public/storeCatalog.user.json,2289,www.gutenberg.org,remote-store-catalog (URLs/icons; optional),https://www.gutenberg.org/cache/epub/71046/pg71046.cover.medium.jpg
public/storeCatalog.user.json,2298,www.gutenberg.org,remote-store-catalog (URLs/icons; optional),https://www.gutenberg.org/ebooks/71046
public/storeCatalog.user.json,2306,www.gutenberg.org,remote-store-catalog (URLs/icons; optional),https://www.gutenberg.org/cache/epub/24739/pg24739.cover.medium.jpg
public/storeCatalog.user.json,2315,www.gutenberg.org,remote-store-catalog (URLs/icons; optional),https://www.gutenberg.org/ebooks/24739
public/storeCatalog.user.json,2323,www.gutenberg.org,remote-store-catalog (URLs/icons; optional),https://www.gutenberg.org/cache/epub/8492/pg8492.cover.medium.jpg
public/storeCatalog.user.json,2332,www.gutenberg.org,remote-store-catalog (URLs/icons; optional),https://www.gutenberg.org/ebooks/8492
public/storeCatalog.user.json,2340,www.gutenberg.org,remote-store-catalog (URLs/icons; optional),https://www.gutenberg.org/cache/epub/100/pg100.cover.medium.jpg
public/storeCatalog.user.json,2349,www.gutenberg.org,remote-store-catalog (URLs/icons; optional),https://www.gutenberg.org/ebooks/100
public/storeCatalog.user.json,2357,www.gutenberg.org,remote-store-catalog (URLs/icons; optional),https://www.gutenberg.org/cache/epub/589/pg589.cover.medium.jpg
public/storeCatalog.user.json,2366,www.gutenberg.org,remote-store-catalog (URLs/icons; optional),https://www.gutenberg.org/ebooks/589
public/storeCatalog.user.json,2374,www.gutenberg.org,remote-store-catalog (URLs/icons; optional),https://www.gutenberg.org/cache/epub/31100/pg31100.cover.medium.jpg
public/storeCatalog.user.json,2383,www.gutenberg.org,remote-store-catalog (URLs/icons; optional),https://www.gutenberg.org/ebooks/31100
public/storeCatalog.user.json,2391,www.gutenberg.org,remote-store-catalog (URLs/icons; optional),https://www.gutenberg.org/cache/epub/36462/pg36462.cover.medium.jpg
public/storeCatalog.user.json,2400,www.gutenberg.org,remote-store-catalog (URLs/icons; optional),https://www.gutenberg.org/ebooks/36462
public/storeCatalog.user.json,2408,www.gutenberg.org,remote-store-catalog (URLs/icons; optional),https://www.gutenberg.org/cache/epub/244/pg244.cover.medium.jpg
public/storeCatalog.user.json,2417,www.gutenberg.org,remote-store-catalog (URLs/icons; optional),https://www.gutenberg.org/ebooks/244
public/storeCatalog.user.json,2425,www.gutenberg.org,remote-store-catalog (URLs/icons; optional),https://www.gutenberg.org/cache/epub/53874/pg53874.cover.medium.jpg
public/storeCatalog.user.json,2434,www.gutenberg.org,remote-store-catalog (URLs/icons; optional),https://www.gutenberg.org/ebooks/53874
public/storeCatalog.user.json,2442,www.gutenberg.org,remote-store-catalog (URLs/icons; optional),https://www.gutenberg.org/cache/epub/103/pg103.cover.medium.jpg
public/storeCatalog.user.json,2451,www.gutenberg.org,remote-store-catalog (URLs/icons; optional),https://www.gutenberg.org/ebooks/103
public/storeCatalog.user.json,2459,www.gutenberg.org,remote-store-catalog (URLs/icons; optional),https://www.gutenberg.org/cache/epub/37106/pg37106.cover.medium.jpg
public/storeCatalog.user.json,2468,www.gutenberg.org,remote-store-catalog (URLs/icons; optional),https://www.gutenberg.org/ebooks/37106
public/storeCatalog.user.json,2476,www.gutenberg.org,remote-store-catalog (URLs/icons; optional),https://www.gutenberg.org/cache/epub/70854/pg70854.cover.medium.jpg
public/storeCatalog.user.json,2485,www.gutenberg.org,remote-store-catalog (URLs/icons; optional),https://www.gutenberg.org/ebooks/70854
public/storeCatalog.user.json,2493,www.gutenberg.org,remote-store-catalog (URLs/icons; optional),https://www.gutenberg.org/cache/epub/1184/pg1184.cover.medium.jpg
public/storeCatalog.user.json,2502,www.gutenberg.org,remote-store-catalog (URLs/icons; optional),https://www.gutenberg.org/ebooks/1184
public/storeCatalog.user.json,2510,www.gutenberg.org,remote-store-catalog (URLs/icons; optional),https://www.gutenberg.org/cache/epub/2852/pg2852.cover.medium.jpg
public/storeCatalog.user.json,2519,www.gutenberg.org,remote-store-catalog (URLs/icons; optional),https://www.gutenberg.org/ebooks/2852
public/storeCatalog.user.json,2527,www.gutenberg.org,remote-store-catalog (URLs/icons; optional),https://www.gutenberg.org/cache/epub/18143/pg18143.cover.medium.jpg
public/storeCatalog.user.json,2536,www.gutenberg.org,remote-store-catalog (URLs/icons; optional),https://www.gutenberg.org/ebooks/18143
public/storeCatalog.user.json,2544,www.gutenberg.org,remote-store-catalog (URLs/icons; optional),https://www.gutenberg.org/cache/epub/1259/pg1259.cover.medium.jpg
public/storeCatalog.user.json,2553,www.gutenberg.org,remote-store-catalog (URLs/icons; optional),https://www.gutenberg.org/ebooks/1259
public/storeCatalog.user.json,2561,www.gutenberg.org,remote-store-catalog (URLs/icons; optional),https://www.gutenberg.org/cache/epub/1212/pg1212.cover.medium.jpg
public/storeCatalog.user.json,2570,www.gutenberg.org,remote-store-catalog (URLs/icons; optional),https://www.gutenberg.org/ebooks/1212
public/storeCatalog.user.json,2578,www.gutenberg.org,remote-store-catalog (URLs/icons; optional),https://www.gutenberg.org/cache/epub/1608/pg1608.cover.medium.jpg
public/storeCatalog.user.json,2587,www.gutenberg.org,remote-store-catalog (URLs/icons; optional),https://www.gutenberg.org/ebooks/1608
public/storeCatalog.user.json,2595,www.gutenberg.org,remote-store-catalog (URLs/icons; optional),https://www.gutenberg.org/cache/epub/245/pg245.cover.medium.jpg
public/storeCatalog.user.json,2604,www.gutenberg.org,remote-store-catalog (URLs/icons; optional),https://www.gutenberg.org/ebooks/245
public/storeCatalog.user.json,2612,www.gutenberg.org,remote-store-catalog (URLs/icons; optional),https://www.gutenberg.org/cache/epub/2148/pg2148.cover.medium.jpg
public/storeCatalog.user.json,2621,www.gutenberg.org,remote-store-catalog (URLs/icons; optional),https://www.gutenberg.org/ebooks/2148
public/storeCatalog.user.json,2629,www.gutenberg.org,remote-store-catalog (URLs/icons; optional),https://www.gutenberg.org/cache/epub/1523/pg1523.cover.medium.jpg
public/storeCatalog.user.json,2638,www.gutenberg.org,remote-store-catalog (URLs/icons; optional),https://www.gutenberg.org/ebooks/1523
public/storeCatalog.user.json,2646,www.gutenberg.org,remote-store-catalog (URLs/icons; optional),https://www.gutenberg.org/cache/epub/76178/pg76178.cover.medium.jpg
public/storeCatalog.user.json,2655,www.gutenberg.org,remote-store-catalog (URLs/icons; optional),https://www.gutenberg.org/ebooks/76178
public/storeCatalog.user.json,2663,www.gutenberg.org,remote-store-catalog (URLs/icons; optional),https://www.gutenberg.org/cache/epub/204/pg204.cover.medium.jpg
public/storeCatalog.user.json,2672,www.gutenberg.org,remote-store-catalog (URLs/icons; optional),https://www.gutenberg.org/ebooks/204
public/storeCatalog.user.json,2680,www.gutenberg.org,remote-store-catalog (URLs/icons; optional),https://www.gutenberg.org/cache/epub/161/pg161.cover.medium.jpg
public/storeCatalog.user.json,2689,www.gutenberg.org,remote-store-catalog (URLs/icons; optional),https://www.gutenberg.org/ebooks/161
public/storeCatalog.user.json,2697,www.gutenberg.org,remote-store-catalog (URLs/icons; optional),https://www.gutenberg.org/cache/epub/2147/pg2147.cover.medium.jpg
public/storeCatalog.user.json,2706,www.gutenberg.org,remote-store-catalog (URLs/icons; optional),https://www.gutenberg.org/ebooks/2147
public/storeCatalog.user.json,2714,www.gutenberg.org,remote-store-catalog (URLs/icons; optional),https://www.gutenberg.org/cache/epub/2002/pg2002.cover.medium.jpg
public/storeCatalog.user.json,2723,www.gutenberg.org,remote-store-catalog (URLs/icons; optional),https://www.gutenberg.org/ebooks/2002
public/storeCatalog.user.json,2731,www.gutenberg.org,remote-store-catalog (URLs/icons; optional),https://www.gutenberg.org/cache/epub/223/pg223.cover.medium.jpg
public/storeCatalog.user.json,2740,www.gutenberg.org,remote-store-catalog (URLs/icons; optional),https://www.gutenberg.org/ebooks/223
public/storeCatalog.user.json,2748,www.gutenberg.org,remote-store-catalog (URLs/icons; optional),https://www.gutenberg.org/cache/epub/209/pg209.cover.medium.jpg
public/storeCatalog.user.json,2757,www.gutenberg.org,remote-store-catalog (URLs/icons; optional),https://www.gutenberg.org/ebooks/209
public/storeCatalog.user.json,2765,www.gutenberg.org,remote-store-catalog (URLs/icons; optional),https://www.gutenberg.org/cache/epub/224/pg224.cover.medium.jpg
public/storeCatalog.user.json,2774,www.gutenberg.org,remote-store-catalog (URLs/icons; optional),https://www.gutenberg.org/ebooks/224
public/storeCatalog.user.json,2782,www.gutenberg.org,remote-store-catalog (URLs/icons; optional),https://www.gutenberg.org/cache/epub/108/pg108.cover.medium.jpg
public/storeCatalog.user.json,2791,www.gutenberg.org,remote-store-catalog (URLs/icons; optional),https://www.gutenberg.org/ebooks/108
public/storeCatalog.user.json,2799,www.gutenberg.org,remote-store-catalog (URLs/icons; optional),https://www.gutenberg.org/cache/epub/27827/pg27827.cover.medium.jpg
public/storeCatalog.user.json,2808,www.gutenberg.org,remote-store-catalog (URLs/icons; optional),https://www.gutenberg.org/ebooks/27827
public/storeCatalog.user.json,2816,www.gutenberg.org,remote-store-catalog (URLs/icons; optional),https://www.gutenberg.org/cache/epub/834/pg834.cover.medium.jpg
public/storeCatalog.user.json,2825,www.gutenberg.org,remote-store-catalog (URLs/icons; optional),https://www.gutenberg.org/ebooks/834
public/storeCatalog.user.json,2833,www.gutenberg.org,remote-store-catalog (URLs/icons; optional),https://www.gutenberg.org/cache/epub/2825/pg2825.cover.medium.jpg
public/storeCatalog.user.json,2842,www.gutenberg.org,remote-store-catalog (URLs/icons; optional),https://www.gutenberg.org/ebooks/2825
public/storeCatalog.user.json,2850,www.gutenberg.org,remote-store-catalog (URLs/icons; optional),https://www.gutenberg.org/cache/epub/4499/pg4499.cover.medium.jpg
public/storeCatalog.user.json,2859,www.gutenberg.org,remote-store-catalog (URLs/icons; optional),https://www.gutenberg.org/ebooks/4499
public/storeCatalog.user.json,2867,www.gutenberg.org,remote-store-catalog (URLs/icons; optional),https://www.gutenberg.org/cache/epub/23/pg23.cover.medium.jpg
public/storeCatalog.user.json,2876,www.gutenberg.org,remote-store-catalog (URLs/icons; optional),https://www.gutenberg.org/ebooks/23
public/storeCatalog.user.json,2884,www.gutenberg.org,remote-store-catalog (URLs/icons; optional),https://www.gutenberg.org/cache/epub/2620/pg2620.cover.medium.jpg
public/storeCatalog.user.json,2893,www.gutenberg.org,remote-store-catalog (URLs/icons; optional),https://www.gutenberg.org/ebooks/2620
public/storeCatalog.user.json,2901,www.gutenberg.org,remote-store-catalog (URLs/icons; optional),https://www.gutenberg.org/cache/epub/31472/pg31472.cover.medium.jpg
public/storeCatalog.user.json,2910,www.gutenberg.org,remote-store-catalog (URLs/icons; optional),https://www.gutenberg.org/ebooks/31472
public/storeCatalog.user.json,2918,www.gutenberg.org,remote-store-catalog (URLs/icons; optional),https://www.gutenberg.org/cache/epub/3922/pg3922.cover.medium.jpg
public/storeCatalog.user.json,2927,www.gutenberg.org,remote-store-catalog (URLs/icons; optional),https://www.gutenberg.org/ebooks/3922
public/storeCatalog.user.json,2935,www.gutenberg.org,remote-store-catalog (URLs/icons; optional),https://www.gutenberg.org/cache/epub/1063/pg1063.cover.medium.jpg
public/storeCatalog.user.json,2944,www.gutenberg.org,remote-store-catalog (URLs/icons; optional),https://www.gutenberg.org/ebooks/1063
public/storeCatalog.user.json,2952,www.gutenberg.org,remote-store-catalog (URLs/icons; optional),https://www.gutenberg.org/cache/epub/69087/pg69087.cover.medium.jpg
public/storeCatalog.user.json,2961,www.gutenberg.org,remote-store-catalog (URLs/icons; optional),https://www.gutenberg.org/ebooks/69087
public/storeCatalog.user.json,2969,www.gutenberg.org,remote-store-catalog (URLs/icons; optional),https://www.gutenberg.org/cache/epub/55179/pg55179.cover.medium.jpg
public/storeCatalog.user.json,2978,www.gutenberg.org,remote-store-catalog (URLs/icons; optional),https://www.gutenberg.org/ebooks/55179
public/storeCatalog.user.json,2986,www.gutenberg.org,remote-store-catalog (URLs/icons; optional),https://www.gutenberg.org/cache/epub/61851/pg61851.cover.medium.jpg
public/storeCatalog.user.json,2995,www.gutenberg.org,remote-store-catalog (URLs/icons; optional),https://www.gutenberg.org/ebooks/61851
public/storeCatalog.user.json,3003,www.gutenberg.org,remote-store-catalog (URLs/icons; optional),https://www.gutenberg.org/cache/epub/863/pg863.cover.medium.jpg
public/storeCatalog.user.json,3012,www.gutenberg.org,remote-store-catalog (URLs/icons; optional),https://www.gutenberg.org/ebooks/863
public/storeCatalog.user.json,3020,www.gutenberg.org,remote-store-catalog (URLs/icons; optional),https://www.gutenberg.org/cache/epub/175/pg175.cover.medium.jpg
public/storeCatalog.user.json,3029,www.gutenberg.org,remote-store-catalog (URLs/icons; optional),https://www.gutenberg.org/ebooks/175
public/storeCatalog.user.json,3037,www.gutenberg.org,remote-store-catalog (URLs/icons; optional),https://www.gutenberg.org/cache/epub/68283/pg68283.cover.medium.jpg
public/storeCatalog.user.json,3046,www.gutenberg.org,remote-store-catalog (URLs/icons; optional),https://www.gutenberg.org/ebooks/68283
public/storeCatalog.user.json,3054,www.gutenberg.org,remote-store-catalog (URLs/icons; optional),https://www.gutenberg.org/cache/epub/38177/pg38177.cover.medium.jpg
public/storeCatalog.user.json,3063,www.gutenberg.org,remote-store-catalog (URLs/icons; optional),https://www.gutenberg.org/ebooks/38177
public/storeCatalog.user.json,3071,www.gutenberg.org,remote-store-catalog (URLs/icons; optional),https://www.gutenberg.org/cache/epub/38311/pg38311.cover.medium.jpg
public/storeCatalog.user.json,3080,www.gutenberg.org,remote-store-catalog (URLs/icons; optional),https://www.gutenberg.org/ebooks/38311
public/storeCatalog.user.json,3088,www.gutenberg.org,remote-store-catalog (URLs/icons; optional),https://www.gutenberg.org/cache/epub/2097/pg2097.cover.medium.jpg
public/storeCatalog.user.json,3097,www.gutenberg.org,remote-store-catalog (URLs/icons; optional),https://www.gutenberg.org/ebooks/2097
public/storeCatalog.user.json,3105,www.gutenberg.org,remote-store-catalog (URLs/icons; optional),https://www.gutenberg.org/cache/epub/921/pg921.cover.medium.jpg
public/storeCatalog.user.json,3114,www.gutenberg.org,remote-store-catalog (URLs/icons; optional),https://www.gutenberg.org/ebooks/921
public/storeCatalog.user.json,3122,www.gutenberg.org,remote-store-catalog (URLs/icons; optional),https://www.gutenberg.org/cache/epub/76668/pg76668.cover.medium.jpg
public/storeCatalog.user.json,3131,www.gutenberg.org,remote-store-catalog (URLs/icons; optional),https://www.gutenberg.org/ebooks/76668
public/storeCatalog.user.json,3139,www.gutenberg.org,remote-store-catalog (URLs/icons; optional),https://www.gutenberg.org/cache/epub/20203/pg20203.cover.medium.jpg
public/storeCatalog.user.json,3148,www.gutenberg.org,remote-store-catalog (URLs/icons; optional),https://www.gutenberg.org/ebooks/20203
public/storeCatalog.user.json,3156,www.gutenberg.org,remote-store-catalog (URLs/icons; optional),https://www.gutenberg.org/cache/epub/221/pg221.cover.medium.jpg
public/storeCatalog.user.json,3165,www.gutenberg.org,remote-store-catalog (URLs/icons; optional),https://www.gutenberg.org/ebooks/221
public/storeCatalog.user.json,3173,www.gutenberg.org,remote-store-catalog (URLs/icons; optional),https://www.gutenberg.org/cache/epub/51428/pg51428.cover.medium.jpg
public/storeCatalog.user.json,3182,www.gutenberg.org,remote-store-catalog (URLs/icons; optional),https://www.gutenberg.org/ebooks/51428
public/storeCatalog.user.json,3190,www.gutenberg.org,remote-store-catalog (URLs/icons; optional),https://www.gutenberg.org/cache/epub/53154/pg53154.cover.medium.jpg
public/storeCatalog.user.json,3199,www.gutenberg.org,remote-store-catalog (URLs/icons; optional),https://www.gutenberg.org/ebooks/53154
public/storeCatalog.user.json,3207,www.gutenberg.org,remote-store-catalog (URLs/icons; optional),https://www.gutenberg.org/cache/epub/583/pg583.cover.medium.jpg
public/storeCatalog.user.json,3216,www.gutenberg.org,remote-store-catalog (URLs/icons; optional),https://www.gutenberg.org/ebooks/583
public/storeCatalog.user.json,3224,www.gutenberg.org,remote-store-catalog (URLs/icons; optional),https://www.gutenberg.org/cache/epub/42389/pg42389.cover.medium.jpg
public/storeCatalog.user.json,3233,www.gutenberg.org,remote-store-catalog (URLs/icons; optional),https://www.gutenberg.org/ebooks/42389
public/storeCatalog.user.json,3241,www.gutenberg.org,remote-store-catalog (URLs/icons; optional),https://www.gutenberg.org/cache/epub/28203/pg28203.cover.medium.jpg
public/storeCatalog.user.json,3250,www.gutenberg.org,remote-store-catalog (URLs/icons; optional),https://www.gutenberg.org/ebooks/28203
public/storeCatalog.user.json,3258,www.gutenberg.org,remote-store-catalog (URLs/icons; optional),https://www.gutenberg.org/cache/epub/61262/pg61262.cover.medium.jpg
public/storeCatalog.user.json,3267,www.gutenberg.org,remote-store-catalog (URLs/icons; optional),https://www.gutenberg.org/ebooks/61262
public/storeCatalog.user.json,3275,www.gutenberg.org,remote-store-catalog (URLs/icons; optional),https://www.gutenberg.org/cache/epub/8197/pg8197.cover.medium.jpg
public/storeCatalog.user.json,3284,www.gutenberg.org,remote-store-catalog (URLs/icons; optional),https://www.gutenberg.org/ebooks/8197
public/storeCatalog.user.json,3292,www.gutenberg.org,remote-store-catalog (URLs/icons; optional),https://www.gutenberg.org/cache/epub/2350/pg2350.cover.medium.jpg
public/storeCatalog.user.json,3301,www.gutenberg.org,remote-store-catalog (URLs/icons; optional),https://www.gutenberg.org/ebooks/2350
public/storeCatalog.user.json,3309,www.gutenberg.org,remote-store-catalog (URLs/icons; optional),https://www.gutenberg.org/cache/epub/18459/pg18459.cover.medium.jpg
public/storeCatalog.user.json,3318,www.gutenberg.org,remote-store-catalog (URLs/icons; optional),https://www.gutenberg.org/ebooks/18459
public/storeCatalog.user.json,3326,www.gutenberg.org,remote-store-catalog (URLs/icons; optional),https://www.gutenberg.org/cache/epub/2038/pg2038.cover.medium.jpg
public/storeCatalog.user.json,3335,www.gutenberg.org,remote-store-catalog (URLs/icons; optional),https://www.gutenberg.org/ebooks/2038
public/storeCatalog.user.json,3343,www.gutenberg.org,remote-store-catalog (URLs/icons; optional),https://www.gutenberg.org/cache/epub/53416/pg53416.cover.medium.jpg
public/storeCatalog.user.json,3352,www.gutenberg.org,remote-store-catalog (URLs/icons; optional),https://www.gutenberg.org/ebooks/53416
public/storeCatalog.user.json,3360,www.gutenberg.org,remote-store-catalog (URLs/icons; optional),https://www.gutenberg.org/cache/epub/46976/pg46976.cover.medium.jpg
public/storeCatalog.user.json,3369,www.gutenberg.org,remote-store-catalog (URLs/icons; optional),https://www.gutenberg.org/ebooks/46976
public/storeCatalog.user.json,3377,www.gutenberg.org,remote-store-catalog (URLs/icons; optional),https://www.gutenberg.org/cache/epub/70175/pg70175.cover.medium.jpg
public/storeCatalog.user.json,3386,www.gutenberg.org,remote-store-catalog (URLs/icons; optional),https://www.gutenberg.org/ebooks/70175
public/storeCatalog.user.json,3394,www.gutenberg.org,remote-store-catalog (URLs/icons; optional),https://www.gutenberg.org/cache/epub/72824/pg72824.cover.medium.jpg
public/storeCatalog.user.json,3403,www.gutenberg.org,remote-store-catalog (URLs/icons; optional),https://www.gutenberg.org/ebooks/72824
public/storeCatalog.user.json,3411,www.gutenberg.org,remote-store-catalog (URLs/icons; optional),https://www.gutenberg.org/cache/epub/155/pg155.cover.medium.jpg
public/storeCatalog.user.json,3420,www.gutenberg.org,remote-store-catalog (URLs/icons; optional),https://www.gutenberg.org/ebooks/155
public/storeCatalog.user.json,3428,www.gutenberg.org,remote-store-catalog (URLs/icons; optional),https://www.gutenberg.org/cache/epub/558/pg558.cover.medium.jpg
public/storeCatalog.user.json,3437,www.gutenberg.org,remote-store-catalog (URLs/icons; optional),https://www.gutenberg.org/ebooks/558
public/storeCatalog.user.json,3445,www.gutenberg.org,remote-store-catalog (URLs/icons; optional),https://www.gutenberg.org/cache/epub/35312/pg35312.cover.medium.jpg
public/storeCatalog.user.json,3454,www.gutenberg.org,remote-store-catalog (URLs/icons; optional),https://www.gutenberg.org/ebooks/35312
public/storeCatalog.user.json,3462,www.gutenberg.org,remote-store-catalog (URLs/icons; optional),https://www.gutenberg.org/cache/epub/10441/pg10441.cover.medium.jpg
public/storeCatalog.user.json,3471,www.gutenberg.org,remote-store-catalog (URLs/icons; optional),https://www.gutenberg.org/ebooks/10441
public/storeCatalog.user.json,3479,www.gutenberg.org,remote-store-catalog (URLs/icons; optional),https://www.gutenberg.org/cache/epub/61168/pg61168.cover.medium.jpg
public/storeCatalog.user.json,3488,www.gutenberg.org,remote-store-catalog (URLs/icons; optional),https://www.gutenberg.org/ebooks/61168
public/storeCatalog.user.json,3496,www.gutenberg.org,remote-store-catalog (URLs/icons; optional),https://www.gutenberg.org/cache/epub/15381/pg15381.cover.medium.jpg
public/storeCatalog.user.json,3505,www.gutenberg.org,remote-store-catalog (URLs/icons; optional),https://www.gutenberg.org/ebooks/15381
public/storeCatalog.user.json,3513,www.gutenberg.org,remote-store-catalog (URLs/icons; optional),https://www.gutenberg.org/cache/epub/18875/pg18875.cover.medium.jpg
public/storeCatalog.user.json,3522,www.gutenberg.org,remote-store-catalog (URLs/icons; optional),https://www.gutenberg.org/ebooks/18875
public/storeCatalog.user.json,3530,www.gutenberg.org,remote-store-catalog (URLs/icons; optional),https://www.gutenberg.org/cache/epub/3289/pg3289.cover.medium.jpg
public/storeCatalog.user.json,3539,www.gutenberg.org,remote-store-catalog (URLs/icons; optional),https://www.gutenberg.org/ebooks/3289
public/storeCatalog.user.json,3547,www.gutenberg.org,remote-store-catalog (URLs/icons; optional),https://www.gutenberg.org/cache/epub/36223/pg36223.cover.medium.jpg
public/storeCatalog.user.json,3556,www.gutenberg.org,remote-store-catalog (URLs/icons; optional),https://www.gutenberg.org/ebooks/36223
public/storeCatalog.user.json,3564,www.gutenberg.org,remote-store-catalog (URLs/icons; optional),https://www.gutenberg.org/cache/epub/4200/pg4200.cover.medium.jpg
public/storeCatalog.user.json,3573,www.gutenberg.org,remote-store-catalog (URLs/icons; optional),https://www.gutenberg.org/ebooks/4200
public/storeCatalog.user.json,3581,www.gutenberg.org,remote-store-catalog (URLs/icons; optional),https://www.gutenberg.org/cache/epub/18857/pg18857.cover.medium.jpg
public/storeCatalog.user.json,3590,www.gutenberg.org,remote-store-catalog (URLs/icons; optional),https://www.gutenberg.org/ebooks/18857
public/storeCatalog.user.json,3598,www.gutenberg.org,remote-store-catalog (URLs/icons; optional),https://www.gutenberg.org/cache/epub/2760/pg2760.cover.medium.jpg
public/storeCatalog.user.json,3607,www.gutenberg.org,remote-store-catalog (URLs/icons; optional),https://www.gutenberg.org/ebooks/2760
public/storeCatalog.user.json,3615,www.gutenberg.org,remote-store-catalog (URLs/icons; optional),https://www.gutenberg.org/cache/epub/53419/pg53419.cover.medium.jpg
public/storeCatalog.user.json,3624,www.gutenberg.org,remote-store-catalog (URLs/icons; optional),https://www.gutenberg.org/ebooks/53419
public/storeCatalog.user.json,3632,www.gutenberg.org,remote-store-catalog (URLs/icons; optional),https://www.gutenberg.org/cache/epub/31257/pg31257.cover.medium.jpg
public/storeCatalog.user.json,3641,www.gutenberg.org,remote-store-catalog (URLs/icons; optional),https://www.gutenberg.org/ebooks/31257
public/storeCatalog.user.json,3649,www.gutenberg.org,remote-store-catalog (URLs/icons; optional),https://www.gutenberg.org/cache/epub/32155/pg32155.cover.medium.jpg
public/storeCatalog.user.json,3658,www.gutenberg.org,remote-store-catalog (URLs/icons; optional),https://www.gutenberg.org/ebooks/32155
public/storeCatalog.user.json,3666,www.gutenberg.org,remote-store-catalog (URLs/icons; optional),https://www.gutenberg.org/cache/epub/389/pg389.cover.medium.jpg
public/storeCatalog.user.json,3675,www.gutenberg.org,remote-store-catalog (URLs/icons; optional),https://www.gutenberg.org/ebooks/389
public/storeCatalog.user.json,3683,www.gutenberg.org,remote-store-catalog (URLs/icons; optional),https://www.gutenberg.org/cache/epub/58866/pg58866.cover.medium.jpg
public/storeCatalog.user.json,3692,www.gutenberg.org,remote-store-catalog (URLs/icons; optional),https://www.gutenberg.org/ebooks/58866
public/storeCatalog.user.json,3700,www.gutenberg.org,remote-store-catalog (URLs/icons; optional),https://www.gutenberg.org/cache/epub/35548/pg35548.cover.medium.jpg
public/storeCatalog.user.json,3709,www.gutenberg.org,remote-store-catalog (URLs/icons; optional),https://www.gutenberg.org/ebooks/35548
public/storeCatalog.user.json,3717,www.gutenberg.org,remote-store-catalog (URLs/icons; optional),https://www.gutenberg.org/cache/epub/3530/pg3530.cover.medium.jpg
public/storeCatalog.user.json,3726,www.gutenberg.org,remote-store-catalog (URLs/icons; optional),https://www.gutenberg.org/ebooks/3530
public/storeCatalog.user.json,3734,www.gutenberg.org,remote-store-catalog (URLs/icons; optional),https://www.gutenberg.org/cache/epub/974/pg974.cover.medium.jpg
public/storeCatalog.user.json,3743,www.gutenberg.org,remote-store-catalog (URLs/icons; optional),https://www.gutenberg.org/ebooks/974
public/storeCatalog.user.json,3751,www.gutenberg.org,remote-store-catalog (URLs/icons; optional),https://www.gutenberg.org/cache/epub/31635/pg31635.cover.medium.jpg
public/storeCatalog.user.json,3760,www.gutenberg.org,remote-store-catalog (URLs/icons; optional),https://www.gutenberg.org/ebooks/31635
public/storeCatalog.user.json,3768,www.gutenberg.org,remote-store-catalog (URLs/icons; optional),https://www.gutenberg.org/cache/epub/6400/pg6400.cover.medium.jpg
public/storeCatalog.user.json,3777,www.gutenberg.org,remote-store-catalog (URLs/icons; optional),https://www.gutenberg.org/ebooks/6400
public/storeCatalog.user.json,3785,www.gutenberg.org,remote-store-catalog (URLs/icons; optional),https://www.gutenberg.org/cache/epub/22187/pg22187.cover.medium.jpg
public/storeCatalog.user.json,3794,www.gutenberg.org,remote-store-catalog (URLs/icons; optional),https://www.gutenberg.org/ebooks/22187
public/storeCatalog.user.json,3802,www.gutenberg.org,remote-store-catalog (URLs/icons; optional),https://www.gutenberg.org/cache/epub/2806/pg2806.cover.medium.jpg
public/storeCatalog.user.json,3811,www.gutenberg.org,remote-store-catalog (URLs/icons; optional),https://www.gutenberg.org/ebooks/2806
public/storeCatalog.user.json,3819,www.gutenberg.org,remote-store-catalog (URLs/icons; optional),https://www.gutenberg.org/cache/epub/560/pg560.cover.medium.jpg
public/storeCatalog.user.json,3828,www.gutenberg.org,remote-store-catalog (URLs/icons; optional),https://www.gutenberg.org/ebooks/560
public/storeCatalog.user.json,3836,www.gutenberg.org,remote-store-catalog (URLs/icons; optional),https://www.gutenberg.org/cache/epub/537/pg537.cover.medium.jpg
public/storeCatalog.user.json,3845,www.gutenberg.org,remote-store-catalog (URLs/icons; optional),https://www.gutenberg.org/ebooks/537
public/storeCatalog.user.json,3853,www.gutenberg.org,remote-store-catalog (URLs/icons; optional),https://www.gutenberg.org/cache/epub/63469/pg63469.cover.medium.jpg
public/storeCatalog.user.json,3862,www.gutenberg.org,remote-store-catalog (URLs/icons; optional),https://www.gutenberg.org/ebooks/63469
public/storeCatalog.user.json,3870,www.google.com,remote-store-catalog (URLs/icons; optional),https://www.google.com/s2/favicons?domain=biblegateway.com&sz=64
public/storeCatalog.user.json,3879,www.biblegateway.com,remote-store-catalog (URLs/icons; optional),https://www.biblegateway.com/
public/storeCatalog.user.json,3886,www.google.com,remote-store-catalog (URLs/icons; optional),https://www.google.com/s2/favicons?domain=poetryfoundation.org&sz=64
public/storeCatalog.user.json,3895,www.poetryfoundation.org,remote-store-catalog (URLs/icons; optional),https://www.poetryfoundation.org/
public/storeCatalog.user.json,3902,www.google.com,remote-store-catalog (URLs/icons; optional),https://www.google.com/s2/favicons?domain=en.wiktionary.org&sz=64
public/storeCatalog.user.json,3911,en.wiktionary.org,remote-store-catalog (URLs/icons; optional),https://en.wiktionary.org/wiki/Wiktionary:Main_Page
public/storeCatalog.user.json,3925,web-dashers.github.io,remote-store-catalog (URLs/icons; optional),https://web-dashers.github.io
public/storeCatalog.user.json,3928,raw.githubusercontent.com,remote-store-catalog (URLs/icons; optional),https://raw.githubusercontent.com/web-dashers/web-dashers.github.io/refs/heads/main/wd_branding/icons/icon_512x512.png
public/storeCatalog.user.json,3941,bittuhere.github.io,remote-store-catalog (URLs/icons; optional),https://bittuhere.github.io
public/storeCatalog.user.json,3945,bittuhere.github.io,remote-store-catalog (URLs/icons; optional),https://bittuhere.github.io/favicon.svg
public/storeCatalog.user.json,3950,www.google.com,remote-store-catalog (URLs/icons; optional),https://www.google.com/s2/favicons?domain=passer-by.com&sz=64
public/storeCatalog.user.json,3959,passer-by.com,remote-store-catalog (URLs/icons; optional),https://passer-by.com/pacman/
public/storeCatalog.user.json,3966,www.google.com,remote-store-catalog (URLs/icons; optional),https://www.google.com/s2/favicons?domain=agar.io&sz=64
public/storeCatalog.user.json,3975,agar.io,remote-store-catalog (URLs/icons; optional),https://agar.io
public/storeCatalog.user.json,3982,www.google.com,remote-store-catalog (URLs/icons; optional),https://www.google.com/s2/favicons?domain=nebez.github.io&sz=64
public/storeCatalog.user.json,3991,nebez.github.io,remote-store-catalog (URLs/icons; optional),https://nebez.github.io/floppybird/
public/storeCatalog.user.json,3998,upload.wikimedia.org,remote-store-catalog (URLs/icons; optional),https://upload.wikimedia.org/wikipedia/commons/thumb/1/18/2048_logo.svg/100px-2048_logo.svg.png
public/storeCatalog.user.json,4007,glebbahmutov.com,remote-store-catalog (URLs/icons; optional),https://glebbahmutov.com/2048/
public/storeCatalog.user.json,4015,www.google.com,remote-store-catalog (URLs/icons; optional),https://www.google.com/s2/favicons?domain=paper-io.com&sz=64
public/storeCatalog.user.json,4024,paper-io.com,remote-store-catalog (URLs/icons; optional),https://paper-io.com
public/storeCatalog.user.json,4032,archive.org,remote-store-catalog (URLs/icons; optional),https://archive.org/services/img/msdos_Oregon_Trail_The_1990
public/storeCatalog.user.json,4041,archive.org,remote-store-catalog (URLs/icons; optional),https://archive.org/details/msdos_Oregon_Trail_The_1990
public/storeCatalog.user.json,4049,archive.org,remote-store-catalog (URLs/icons; optional),https://archive.org/services/img/msdos_Prince_of_Persia_1990
public/storeCatalog.user.json,4058,archive.org,remote-store-catalog (URLs/icons; optional),https://archive.org/details/msdos_Prince_of_Persia_1990
public/storeCatalog.user.json,4066,archive.org,remote-store-catalog (URLs/icons; optional),https://archive.org/services/img/msdos_Oregon_Trail_Deluxe_The_1992
public/storeCatalog.user.json,4075,archive.org,remote-store-catalog (URLs/icons; optional),https://archive.org/details/msdos_Oregon_Trail_Deluxe_The_1992
public/storeCatalog.user.json,4083,archive.org,remote-store-catalog (URLs/icons; optional),https://archive.org/services/img/msdos_Wolfenstein_3D_1992
public/storeCatalog.user.json,4092,archive.org,remote-store-catalog (URLs/icons; optional),https://archive.org/details/msdos_Wolfenstein_3D_1992
public/storeCatalog.user.json,4100,archive.org,remote-store-catalog (URLs/icons; optional),https://archive.org/services/img/msdos_Pac-Man_1983
public/storeCatalog.user.json,4109,archive.org,remote-store-catalog (URLs/icons; optional),https://archive.org/details/msdos_Pac-Man_1983
public/storeCatalog.user.json,4117,archive.org,remote-store-catalog (URLs/icons; optional),https://archive.org/services/img/msdos_SimCity_1989
public/storeCatalog.user.json,4126,archive.org,remote-store-catalog (URLs/icons; optional),https://archive.org/details/msdos_SimCity_1989
public/storeCatalog.user.json,4134,archive.org,remote-store-catalog (URLs/icons; optional),https://archive.org/services/img/die_siedler_2_151
public/storeCatalog.user.json,4143,archive.org,remote-store-catalog (URLs/icons; optional),https://archive.org/details/die_siedler_2_151
public/storeCatalog.user.json,4151,archive.org,remote-store-catalog (URLs/icons; optional),https://archive.org/services/img/msdos_Prehistorik_2_1993
public/storeCatalog.user.json,4160,archive.org,remote-store-catalog (URLs/icons; optional),https://archive.org/details/msdos_Prehistorik_2_1993
public/storeCatalog.user.json,4168,archive.org,remote-store-catalog (URLs/icons; optional),https://archive.org/services/img/Doom-2
public/storeCatalog.user.json,4177,archive.org,remote-store-catalog (URLs/icons; optional),https://archive.org/details/Doom-2
public/storeCatalog.user.json,4185,archive.org,remote-store-catalog (URLs/icons; optional),https://archive.org/services/img/msdos_Disneys_Aladdin_1994
public/storeCatalog.user.json,4194,archive.org,remote-store-catalog (URLs/icons; optional),https://archive.org/details/msdos_Disneys_Aladdin_1994
public/storeCatalog.user.json,4202,archive.org,remote-store-catalog (URLs/icons; optional),https://archive.org/services/img/msdos_4D_Prince_of_Persia_1994
public/storeCatalog.user.json,4211,archive.org,remote-store-catalog (URLs/icons; optional),https://archive.org/details/msdos_4D_Prince_of_Persia_1994
public/storeCatalog.user.json,4219,archive.org,remote-store-catalog (URLs/icons; optional),https://archive.org/services/img/msdos_Stunts_1990
public/storeCatalog.user.json,4228,archive.org,remote-store-catalog (URLs/icons; optional),https://archive.org/details/msdos_Stunts_1990
public/storeCatalog.user.json,4236,archive.org,remote-store-catalog (URLs/icons; optional),https://archive.org/services/img/msdos_Where_in_the_World_is_Carmen_Sandiego_Enhanced_1989
public/storeCatalog.user.json,4245,archive.org,remote-store-catalog (URLs/icons; optional),https://archive.org/details/msdos_Where_in_the_World_is_Carmen_Sandiego_Enhanced_1989
public/storeCatalog.user.json,4253,archive.org,remote-store-catalog (URLs/icons; optional),https://archive.org/services/img/msdos_Ms._Pac-Man_1983
public/storeCatalog.user.json,4262,archive.org,remote-store-catalog (URLs/icons; optional),https://archive.org/details/msdos_Ms._Pac-Man_1983
public/storeCatalog.user.json,4270,archive.org,remote-store-catalog (URLs/icons; optional),https://archive.org/services/img/msdos_Donkey_Kong_1983
public/storeCatalog.user.json,4279,archive.org,remote-store-catalog (URLs/icons; optional),https://archive.org/details/msdos_Donkey_Kong_1983
public/storeCatalog.user.json,4287,archive.org,remote-store-catalog (URLs/icons; optional),https://archive.org/services/img/msdos_Dune_2_-_The_Building_of_a_Dynasty_1992
public/storeCatalog.user.json,4296,archive.org,remote-store-catalog (URLs/icons; optional),https://archive.org/details/msdos_Dune_2_-_The_Building_of_a_Dynasty_1992
public/storeCatalog.user.json,4304,archive.org,remote-store-catalog (URLs/icons; optional),https://archive.org/services/img/msdos_Scorched_Earth_1991
public/storeCatalog.user.json,4313,archive.org,remote-store-catalog (URLs/icons; optional),https://archive.org/details/msdos_Scorched_Earth_1991
public/storeCatalog.user.json,4321,archive.org,remote-store-catalog (URLs/icons; optional),https://archive.org/services/img/msdos_Bust-A-Move_1997
public/storeCatalog.user.json,4330,archive.org,remote-store-catalog (URLs/icons; optional),https://archive.org/details/msdos_Bust-A-Move_1997
public/storeCatalog.user.json,4338,archive.org,remote-store-catalog (URLs/icons; optional),https://archive.org/services/img/msdos_Golden_Axe_1990
public/storeCatalog.user.json,4347,archive.org,remote-store-catalog (URLs/icons; optional),https://archive.org/details/msdos_Golden_Axe_1990
public/storeCatalog.user.json,4355,archive.org,remote-store-catalog (URLs/icons; optional),https://archive.org/services/img/msdos_Leisure_Suit_Larry_1_-_Land_of_the_Lounge_Lizards_1987
public/storeCatalog.user.json,4364,archive.org,remote-store-catalog (URLs/icons; optional),https://archive.org/details/msdos_Leisure_Suit_Larry_1_-_Land_of_the_Lounge_Lizards_1987
public/storeCatalog.user.json,4372,archive.org,remote-store-catalog (URLs/icons; optional),https://archive.org/services/img/msdos_Batman_Returns_1993
public/storeCatalog.user.json,4381,archive.org,remote-store-catalog (URLs/icons; optional),https://archive.org/details/msdos_Batman_Returns_1993
public/storeCatalog.user.json,4389,archive.org,remote-store-catalog (URLs/icons; optional),https://archive.org/services/img/msdos_Mario_Brothers_VGA_1990
public/storeCatalog.user.json,4398,archive.org,remote-store-catalog (URLs/icons; optional),https://archive.org/details/msdos_Mario_Brothers_VGA_1990
public/storeCatalog.user.json,4406,archive.org,remote-store-catalog (URLs/icons; optional),https://archive.org/services/img/msdos_Number_Munchers_1990
public/storeCatalog.user.json,4415,archive.org,remote-store-catalog (URLs/icons; optional),https://archive.org/details/msdos_Number_Munchers_1990
public/storeCatalog.user.json,4423,archive.org,remote-store-catalog (URLs/icons; optional),https://archive.org/services/img/msdos_Indiana_Jones_and_The_Last_Crusade_1989
public/storeCatalog.user.json,4432,archive.org,remote-store-catalog (URLs/icons; optional),https://archive.org/details/msdos_Indiana_Jones_and_The_Last_Crusade_1989
public/storeCatalog.user.json,4440,archive.org,remote-store-catalog (URLs/icons; optional),https://archive.org/services/img/msdos_European_Championship_1992_1992
public/storeCatalog.user.json,4449,archive.org,remote-store-catalog (URLs/icons; optional),https://archive.org/details/msdos_European_Championship_1992_1992
public/storeCatalog.user.json,4457,archive.org,remote-store-catalog (URLs/icons; optional),https://archive.org/services/img/msdos_Master_of_Orion_1993
public/storeCatalog.user.json,4466,archive.org,remote-store-catalog (URLs/icons; optional),https://archive.org/details/msdos_Master_of_Orion_1993
public/storeCatalog.user.json,4474,archive.org,remote-store-catalog (URLs/icons; optional),https://archive.org/services/img/msdos_Test_Drive_III_The_Passion_1990
public/storeCatalog.user.json,4483,archive.org,remote-store-catalog (URLs/icons; optional),https://archive.org/details/msdos_Test_Drive_III_The_Passion_1990
public/storeCatalog.user.json,4491,archive.org,remote-store-catalog (URLs/icons; optional),https://archive.org/services/img/fin-dos-games
public/storeCatalog.user.json,4500,archive.org,remote-store-catalog (URLs/icons; optional),https://archive.org/details/fin-dos-games
public/storeCatalog.user.json,4508,archive.org,remote-store-catalog (URLs/icons; optional),https://archive.org/services/img/msdos_Ferrari_Formula_One_1989
public/storeCatalog.user.json,4517,archive.org,remote-store-catalog (URLs/icons; optional),https://archive.org/details/msdos_Ferrari_Formula_One_1989
public/storeCatalog.user.json,4525,archive.org,remote-store-catalog (URLs/icons; optional),https://archive.org/services/img/msdos_Centurion_-_Defender_of_Rome_1990
public/storeCatalog.user.json,4534,archive.org,remote-store-catalog (URLs/icons; optional),https://archive.org/details/msdos_Centurion_-_Defender_of_Rome_1990
public/storeCatalog.user.json,4542,archive.org,remote-store-catalog (URLs/icons; optional),https://archive.org/services/img/msdos_Castle_Wolfenstein_1984
public/storeCatalog.user.json,4551,archive.org,remote-store-catalog (URLs/icons; optional),https://archive.org/details/msdos_Castle_Wolfenstein_1984
public/storeCatalog.user.json,4559,archive.org,remote-store-catalog (URLs/icons; optional),https://archive.org/services/img/msdos_Crosscountry_Canada_1991
public/storeCatalog.user.json,4568,archive.org,remote-store-catalog (URLs/icons; optional),https://archive.org/details/msdos_Crosscountry_Canada_1991
public/storeCatalog.user.json,4576,archive.org,remote-store-catalog (URLs/icons; optional),https://archive.org/services/img/msdos_Monopoly_Deluxe_1992
public/storeCatalog.user.json,4585,archive.org,remote-store-catalog (URLs/icons; optional),https://archive.org/details/msdos_Monopoly_Deluxe_1992
public/storeCatalog.user.json,4593,archive.org,remote-store-catalog (URLs/icons; optional),https://archive.org/services/img/msdos_SimAnt_-_The_Electronic_Ant_Colony_1991
public/storeCatalog.user.json,4602,archive.org,remote-store-catalog (URLs/icons; optional),https://archive.org/details/msdos_SimAnt_-_The_Electronic_Ant_Colony_1991
public/storeCatalog.user.json,4610,archive.org,remote-store-catalog (URLs/icons; optional),https://archive.org/services/img/oregon-trail-deluxe
public/storeCatalog.user.json,4619,archive.org,remote-store-catalog (URLs/icons; optional),https://archive.org/details/oregon-trail-deluxe
public/storeCatalog.user.json,4627,archive.org,remote-store-catalog (URLs/icons; optional),https://archive.org/services/img/msdos_Warlords_II_1993
public/storeCatalog.user.json,4636,archive.org,remote-store-catalog (URLs/icons; optional),https://archive.org/details/msdos_Warlords_II_1993
public/storeCatalog.user.json,4644,archive.org,remote-store-catalog (URLs/icons; optional),https://archive.org/services/img/msdos_Where_in_the_World_is_Carmen_Sandiego_Deluxe_1990
public/storeCatalog.user.json,4653,archive.org,remote-store-catalog (URLs/icons; optional),https://archive.org/details/msdos_Where_in_the_World_is_Carmen_Sandiego_Deluxe_1990
public/storeCatalog.user.json,4661,archive.org,remote-store-catalog (URLs/icons; optional),https://archive.org/services/img/msdos_Super_Mario_World_DX_2002
public/storeCatalog.user.json,4670,archive.org,remote-store-catalog (URLs/icons; optional),https://archive.org/details/msdos_Super_Mario_World_DX_2002
public/storeCatalog.user.json,4678,archive.org,remote-store-catalog (URLs/icons; optional),https://archive.org/services/img/msdos_Marios_Game_Gallery_1995
public/storeCatalog.user.json,4687,archive.org,remote-store-catalog (URLs/icons; optional),https://archive.org/details/msdos_Marios_Game_Gallery_1995
public/storeCatalog.user.json,4695,archive.org,remote-store-catalog (URLs/icons; optional),https://archive.org/services/img/msdos_Jazz_Jackrabbit_1994
public/storeCatalog.user.json,4704,archive.org,remote-store-catalog (URLs/icons; optional),https://archive.org/details/msdos_Jazz_Jackrabbit_1994
public/storeCatalog.user.json,4712,archive.org,remote-store-catalog (URLs/icons; optional),https://archive.org/services/img/msdos_Digger_1983_1983
public/storeCatalog.user.json,4721,archive.org,remote-store-catalog (URLs/icons; optional),https://archive.org/details/msdos_Digger_1983_1983
public/storeCatalog.user.json,4729,archive.org,remote-store-catalog (URLs/icons; optional),https://archive.org/services/img/msdos_Duke_it_out_in_D.C._1997
public/storeCatalog.user.json,4738,archive.org,remote-store-catalog (URLs/icons; optional),https://archive.org/details/msdos_Duke_it_out_in_D.C._1997
public/storeCatalog.user.json,4746,archive.org,remote-store-catalog (URLs/icons; optional),https://archive.org/services/img/msdos_Maniac_Mansion_1987
public/storeCatalog.user.json,4755,archive.org,remote-store-catalog (URLs/icons; optional),https://archive.org/details/msdos_Maniac_Mansion_1987
public/storeCatalog.user.json,4763,archive.org,remote-store-catalog (URLs/icons; optional),https://archive.org/services/img/msdos_Doom_-_The_Roguelike_2005
public/storeCatalog.user.json,4772,archive.org,remote-store-catalog (URLs/icons; optional),https://archive.org/details/msdos_Doom_-_The_Roguelike_2005
public/storeCatalog.user.json,4780,archive.org,remote-store-catalog (URLs/icons; optional),https://archive.org/services/img/msdos_Disneys_Duck_Tales_-_The_Quest_for_Gold_1990
public/storeCatalog.user.json,4789,archive.org,remote-store-catalog (URLs/icons; optional),https://archive.org/details/msdos_Disneys_Duck_Tales_-_The_Quest_for_Gold_1990
public/storeCatalog.user.json,4797,archive.org,remote-store-catalog (URLs/icons; optional),https://archive.org/services/img/msdos_Championship_Manager_93-94_1993
public/storeCatalog.user.json,4806,archive.org,remote-store-catalog (URLs/icons; optional),https://archive.org/details/msdos_Championship_Manager_93-94_1993
public/storeCatalog.user.json,4814,archive.org,remote-store-catalog (URLs/icons; optional),https://archive.org/services/img/battle_chess_1988
public/storeCatalog.user.json,4823,archive.org,remote-store-catalog (URLs/icons; optional),https://archive.org/details/battle_chess_1988
public/storeCatalog.user.json,4831,archive.org,remote-store-catalog (URLs/icons; optional),https://archive.org/services/img/msdos_Tetris_1986
public/storeCatalog.user.json,4840,archive.org,remote-store-catalog (URLs/icons; optional),https://archive.org/details/msdos_Tetris_1986
public/storeCatalog.user.json,4848,archive.org,remote-store-catalog (URLs/icons; optional),https://archive.org/services/img/msdos_Strip_Poker_Professional_rev._B_1995
public/storeCatalog.user.json,4857,archive.org,remote-store-catalog (URLs/icons; optional),https://archive.org/details/msdos_Strip_Poker_Professional_rev._B_1995
public/storeCatalog.user.json,4865,archive.org,remote-store-catalog (URLs/icons; optional),https://archive.org/services/img/DUKE3D_DOS
public/storeCatalog.user.json,4874,archive.org,remote-store-catalog (URLs/icons; optional),https://archive.org/details/DUKE3D_DOS
public/storeCatalog.user.json,4882,archive.org,remote-store-catalog (URLs/icons; optional),https://archive.org/services/img/doom_dos
public/storeCatalog.user.json,4891,archive.org,remote-store-catalog (URLs/icons; optional),https://archive.org/details/doom_dos
public/storeCatalog.user.json,4899,archive.org,remote-store-catalog (URLs/icons; optional),https://archive.org/services/img/msdos_Leisure_Suit_Larry_5_-_Passionate_Patti_Does_a_Little_Undercover_Work_1991
public/storeCatalog.user.json,4908,archive.org,remote-store-catalog (URLs/icons; optional),https://archive.org/details/msdos_Leisure_Suit_Larry_5_-_Passionate_Patti_Does_a_Little_Undercover_Work_1991
public/storeCatalog.user.json,4916,archive.org,remote-store-catalog (URLs/icons; optional),https://archive.org/services/img/the_incredible_machine_1992
public/storeCatalog.user.json,4925,archive.org,remote-store-catalog (URLs/icons; optional),https://archive.org/details/the_incredible_machine_1992
public/storeCatalog.user.json,4933,archive.org,remote-store-catalog (URLs/icons; optional),https://archive.org/services/img/tomb_raider_1996
public/storeCatalog.user.json,4942,archive.org,remote-store-catalog (URLs/icons; optional),https://archive.org/details/tomb_raider_1996
public/storeCatalog.user.json,4950,archive.org,remote-store-catalog (URLs/icons; optional),https://archive.org/services/img/msdos_Total_Carnage_1994
public/storeCatalog.user.json,4959,archive.org,remote-store-catalog (URLs/icons; optional),https://archive.org/details/msdos_Total_Carnage_1994
public/storeCatalog.user.json,4967,archive.org,remote-store-catalog (URLs/icons; optional),https://archive.org/services/img/msdos_Secret_of_Monkey_Island_The_1990
public/storeCatalog.user.json,4976,archive.org,remote-store-catalog (URLs/icons; optional),https://archive.org/details/msdos_Secret_of_Monkey_Island_The_1990
public/storeCatalog.user.json,4984,archive.org,remote-store-catalog (URLs/icons; optional),https://archive.org/services/img/msdos_Softporn_II_1985
public/storeCatalog.user.json,4993,archive.org,remote-store-catalog (URLs/icons; optional),https://archive.org/details/msdos_Softporn_II_1985
public/storeCatalog.user.json,5001,archive.org,remote-store-catalog (URLs/icons; optional),https://archive.org/services/img/msdos_Mortal_Kombat_1993
public/storeCatalog.user.json,5010,archive.org,remote-store-catalog (URLs/icons; optional),https://archive.org/details/msdos_Mortal_Kombat_1993
public/storeCatalog.user.json,5018,archive.org,remote-store-catalog (URLs/icons; optional),https://archive.org/services/img/msdos_Jazz_Jackrabbit_-_Holiday_Hare_1995_1995
public/storeCatalog.user.json,5027,archive.org,remote-store-catalog (URLs/icons; optional),https://archive.org/details/msdos_Jazz_Jackrabbit_-_Holiday_Hare_1995_1995
public/storeCatalog.user.json,5035,archive.org,remote-store-catalog (URLs/icons; optional),https://archive.org/services/img/msdos_DOOM_1993
public/storeCatalog.user.json,5044,archive.org,remote-store-catalog (URLs/icons; optional),https://archive.org/details/msdos_DOOM_1993
public/storeCatalog.user.json,5052,archive.org,remote-store-catalog (URLs/icons; optional),https://archive.org/services/img/msdos_Demon_Gate_-_666_New_Levels_for_Doom_and_Doom_II_1995
public/storeCatalog.user.json,5061,archive.org,remote-store-catalog (URLs/icons; optional),https://archive.org/details/msdos_Demon_Gate_-_666_New_Levels_for_Doom_and_Doom_II_1995
public/storeCatalog.user.json,5069,archive.org,remote-store-catalog (URLs/icons; optional),https://archive.org/services/img/msdos_SimFarm_1993
public/storeCatalog.user.json,5078,archive.org,remote-store-catalog (URLs/icons; optional),https://archive.org/details/msdos_SimFarm_1993
public/storeCatalog.user.json,5086,archive.org,remote-store-catalog (URLs/icons; optional),https://archive.org/services/img/msdos_Lode_Runner_1983_1983
public/storeCatalog.user.json,5095,archive.org,remote-store-catalog (URLs/icons; optional),https://archive.org/details/msdos_Lode_Runner_1983_1983
public/storeCatalog.user.json,5103,archive.org,remote-store-catalog (URLs/icons; optional),https://archive.org/services/img/msdos_SimCity_Classic_1994
public/storeCatalog.user.json,5112,archive.org,remote-store-catalog (URLs/icons; optional),https://archive.org/details/msdos_SimCity_Classic_1994
public/storeCatalog.user.json,5120,archive.org,remote-store-catalog (URLs/icons; optional),https://archive.org/services/img/msdos_Alley_Cat_1984
public/storeCatalog.user.json,5129,archive.org,remote-store-catalog (URLs/icons; optional),https://archive.org/details/msdos_Alley_Cat_1984
public/storeCatalog.user.json,5137,archive.org,remote-store-catalog (URLs/icons; optional),https://archive.org/services/img/msdos_Cool_World_1992
public/storeCatalog.user.json,5146,archive.org,remote-store-catalog (URLs/icons; optional),https://archive.org/details/msdos_Cool_World_1992
public/storeCatalog.user.json,5154,archive.org,remote-store-catalog (URLs/icons; optional),https://archive.org/services/img/PERSIA_CGA
public/storeCatalog.user.json,5163,archive.org,remote-store-catalog (URLs/icons; optional),https://archive.org/details/PERSIA_CGA
public/storeCatalog.user.json,5171,archive.org,remote-store-catalog (URLs/icons; optional),https://archive.org/services/img/chenall_dyna
public/storeCatalog.user.json,5180,archive.org,remote-store-catalog (URLs/icons; optional),https://archive.org/details/chenall_dyna
public/storeCatalog.user.json,5188,archive.org,remote-store-catalog (URLs/icons; optional),https://archive.org/services/img/msdos_3D_Bomber_1998
public/storeCatalog.user.json,5197,archive.org,remote-store-catalog (URLs/icons; optional),https://archive.org/details/msdos_3D_Bomber_1998
public/storeCatalog.user.json,5205,archive.org,remote-store-catalog (URLs/icons; optional),https://archive.org/services/img/msdos_Budokan_The_Martial_Spirit_1989
public/storeCatalog.user.json,5214,archive.org,remote-store-catalog (URLs/icons; optional),https://archive.org/details/msdos_Budokan_The_Martial_Spirit_1989
public/storeCatalog.user.json,5222,archive.org,remote-store-catalog (URLs/icons; optional),https://archive.org/services/img/msdos_Toi_Acid_Game_1989
public/storeCatalog.user.json,5231,archive.org,remote-store-catalog (URLs/icons; optional),https://archive.org/details/msdos_Toi_Acid_Game_1989
public/storeCatalog.user.json,5239,archive.org,remote-store-catalog (URLs/icons; optional),https://archive.org/services/img/msdos_Volfied_1991
public/storeCatalog.user.json,5248,archive.org,remote-store-catalog (URLs/icons; optional),https://archive.org/details/msdos_Volfied_1991
public/storeCatalog.user.json,5256,archive.org,remote-store-catalog (URLs/icons; optional),https://archive.org/services/img/msdos_President_Elect_-_1988_Edition_1987
public/storeCatalog.user.json,5265,archive.org,remote-store-catalog (URLs/icons; optional),https://archive.org/details/msdos_President_Elect_-_1988_Edition_1987
public/storeCatalog.user.json,5273,archive.org,remote-store-catalog (URLs/icons; optional),https://archive.org/services/img/monkey_dos
public/storeCatalog.user.json,5282,archive.org,remote-store-catalog (URLs/icons; optional),https://archive.org/details/monkey_dos
public/storeCatalog.user.json,5290,archive.org,remote-store-catalog (URLs/icons; optional),https://archive.org/services/img/msdos_Executive_Suite_1982
public/storeCatalog.user.json,5299,archive.org,remote-store-catalog (URLs/icons; optional),https://archive.org/details/msdos_Executive_Suite_1982
public/storeCatalog.user.json,5307,archive.org,remote-store-catalog (URLs/icons; optional),https://archive.org/services/img/msdos_Star_Wars_1988
public/storeCatalog.user.json,5316,archive.org,remote-store-catalog (URLs/icons; optional),https://archive.org/details/msdos_Star_Wars_1988
public/storeCatalog.user.json,5324,archive.org,remote-store-catalog (URLs/icons; optional),https://archive.org/services/img/msdos_Empire_Deluxe_1993
public/storeCatalog.user.json,5333,archive.org,remote-store-catalog (URLs/icons; optional),https://archive.org/details/msdos_Empire_Deluxe_1993
public/storeCatalog.user.json,5341,archive.org,remote-store-catalog (URLs/icons; optional),https://archive.org/services/img/msdos_Where_in_the_World_is_Carmen_Sandiego_1985
public/storeCatalog.user.json,5350,archive.org,remote-store-catalog (URLs/icons; optional),https://archive.org/details/msdos_Where_in_the_World_is_Carmen_Sandiego_1985
public/storeCatalog.user.json,5358,archive.org,remote-store-catalog (URLs/icons; optional),https://archive.org/services/img/msdos_Double_Dragon_1988
public/storeCatalog.user.json,5367,archive.org,remote-store-catalog (URLs/icons; optional),https://archive.org/details/msdos_Double_Dragon_1988
public/storeCatalog.user.json,5375,archive.org,remote-store-catalog (URLs/icons; optional),https://archive.org/services/img/msdos_Castle_of_Dr._Brain_1991
public/storeCatalog.user.json,5384,archive.org,remote-store-catalog (URLs/icons; optional),https://archive.org/details/msdos_Castle_of_Dr._Brain_1991
public/style.css,8,www.apache.org,comment/license/reference,http://www.apache.org/licenses/LICENSE-2.0
public/surf/resources/icons/favicon.svg,2,www.w3.org,namespace/not-network,http://www.w3.org/2000/svg
public/surf/resources/js/cr.js,462,crbug.com,comment/license/reference,https://crbug.com/1118190
public/surf/resources/js/cr.js,471,crbug.com,comment/license/reference,https://crbug.com/1118190
public/surf/resources/js/lib_common.chunk.js,1,www.w3.org,namespace/not-network,http://www.w3.org/2000/svg
public/surf/resources/js/lib_common.chunk.js,187,www.w3.org,namespace/not-network,http://www.w3.org/2000/svg
public/surf/resources/js/lib_common.chunk.js,198,www.w3.org,namespace/not-network,http://www.w3.org/2000/svg
public/surf/resources/js/lib_common.chunk.js,1323,www.w3.org,namespace/not-network,http://www.w3.org/2000/svg
public/surf/resources/js/lib_common.chunk.js,1925,feross.org,comment/license/reference,http://feross.org
public/surf/resources/js/lib_common.chunk.js,1932,github.com,comment/license/reference,https://github.com/jsstyles/css-vendor
public/surf/resources/js/lib_common.chunk.js,1935,github.com,vendored code reference (review before treating as request),https://github.com/louisbrunner/dnd-multi-backend/tree/master/packages/react-dnd-multi-backend#migrating-from-2xx
public/surf/resources/js/lib_common.chunk.js,1937,www.w3.org,namespace/not-network,http://www.w3.org/1998/Math/MathML
public/surf/resources/js/lib_common.chunk.js,1937,www.w3.org,namespace/not-network,http://www.w3.org/1999/xhtml
public/surf/resources/js/lib_common.chunk.js,1937,www.w3.org,namespace/not-network,http://www.w3.org/2000/svg
public/surf/resources/js/lib_common.chunk.js,1940,lodash.com,comment/license/reference,https://lodash.com/
public/surf/resources/js/lib_common.chunk.js,1941,openjsf.org,comment/license/reference,https://openjsf.org/
public/surf/resources/js/lib_common.chunk.js,1942,lodash.com,comment/license/reference,https://lodash.com/license
public/surf/resources/js/lib_common.chunk.js,1943,underscorejs.org,comment/license/reference,http://underscorejs.org/LICENSE
public/surf/resources/js/lib_common.chunk.js,1945,npms.io,comment/license/reference,https://npms.io/search?q=ponyfill.
public/surf/resources/js/lib_common.chunk.js,1950,fb.me,comment/license/reference,http://fb.me/use-check-prop-types
public/surf/resources/js/lib_common.chunk.js,1958,fb.me,comment/license/reference,https://fb.me/react-polyfills
public/surf/resources/js/lib_react.chunk.js,1,facebook.github.io,vendored code reference (review before treating as request),https://facebook.github.io/react/docs/more-about-refs.html#the-ref-callback-attribute
public/surf/resources/js/lib_react.chunk.js,1,react-dnd.github.io,vendored code reference (review before treating as request),http://react-dnd.github.io/react-dnd/docs/api/drag-layer
public/surf/resources/js/lib_react.chunk.js,1,react-dnd.github.io,vendored code reference (review before treating as request),http://react-dnd.github.io/react-dnd/docs/api/drag-source
public/surf/resources/js/lib_react.chunk.js,1,react-dnd.github.io,vendored code reference (review before treating as request),http://react-dnd.github.io/react-dnd/docs/api/drag-source-monitor
public/surf/resources/js/lib_react.chunk.js,1,react-dnd.github.io,vendored code reference (review before treating as request),http://react-dnd.github.io/react-dnd/docs/api/drop-target
public/surf/resources/js/lib_react.chunk.js,1,react-dnd.github.io,vendored code reference (review before treating as request),http://react-dnd.github.io/react-dnd/docs/api/drop-target-monitor
public/surf/resources/js/lib_react.chunk.js,1,react-dnd.github.io,vendored code reference (review before treating as request),http://react-dnd.github.io/react-dnd/docs/troubleshooting#could-not-find-the-drag-and-drop-manager-in-the-context
public/surf/resources/js/lib_react.chunk.js,9,reactjs.org,comment/license/reference,https://reactjs.org/docs/error-decoder.html?invariant=
public/surf/resources/js/lib_react.chunk.js,9,www.w3.org,namespace/not-network,http://www.w3.org/1998/Math/MathML
public/surf/resources/js/lib_react.chunk.js,9,www.w3.org,namespace/not-network,http://www.w3.org/1999/xhtml
public/surf/resources/js/lib_react.chunk.js,9,www.w3.org,namespace/not-network,http://www.w3.org/1999/xlink
public/surf/resources/js/lib_react.chunk.js,9,www.w3.org,namespace/not-network,http://www.w3.org/2000/svg
public/surf/resources/js/lib_react.chunk.js,9,www.w3.org,namespace/not-network,http://www.w3.org/XML/1998/namespace
public/surf/resources/js/lib_react.chunk.js,25,reactjs.org,comment/license/reference,https://reactjs.org/docs/error-decoder.html?invariant=
public/surf/resources/js/lib_react.chunk.js,25,redux.js.org,comment/license/reference,https://redux.js.org/api-reference/store#subscribelistener
public/surf/resources/js/load_time_data.js,13,crbug.com,comment/license/reference,https://crbug.com/740629
public/surf/resources/js/surf.bundle.js,2922,www.w3.org,namespace/not-network,http://www.w3.org/2000/svg
public/surf/resources/js/surf.bundle.js,2932,www.w3.org,namespace/not-network,http://www.w3.org/2000/svg
public/surf/resources/js/surf.bundle.js,9813,www.w3.org,namespace/not-network,https://www.w3.org/2000/svg
public/surf/resources/js/surf.bundle.js,9829,www.w3.org,namespace/not-network,https://www.w3.org/2000/svg
public/surf/resources/js/surf.bundle.js,9845,www.w3.org,namespace/not-network,https://www.w3.org/2000/svg
public/surf/resources/js/surf.bundle.js,9861,www.w3.org,namespace/not-network,https://www.w3.org/2000/svg
public/surf/resources/js/surf.bundle.js,10128,www.w3.org,namespace/not-network,http://www.w3.org/2000/svg
public/surf/resources/js/surf.bundle.js,10504,www.w3.org,namespace/not-network,http://www.w3.org/2000/svg
public/updates/index.html,1,github.com,runtime-or-navigation (review call site),https://github.com/bittuhere
public/updates/index.html,1,github.com,runtime-or-navigation (review call site),https://github.com/bittuhere/win11webos
public/updates/index.html,1,schema.org,runtime-or-navigation (review call site),https://schema.org
public/updates/index.html,1,win11webos.pages.dev,runtime-or-navigation (review call site),https://win11webos.pages.dev/og-image.png
public/updates/index.html,1,win11webos.pages.dev,runtime-or-navigation (review call site),https://win11webos.pages.dev/updates/
public/vendor/lame.min.js,2,www.mp3dev.org,runtime-or-navigation (review call site),http://www.mp3dev.org/
src/App.jsx,7,www.apache.org,comment/license/reference,http://www.apache.org/licenses/LICENSE-2.0
src/App.jsx,138,github.com,runtime-or-navigation (review call site),https://github.com/bittuhere/win11WebOS/issues
src/App.jsx,139,github.com,runtime-or-navigation (review call site),https://github.com/bittuhere/win11WebOS/issues
src/actions/index.js,7,www.apache.org,comment/license/reference,http://www.apache.org/licenses/LICENSE-2.0
src/actions/index.js,333,www.google.com,runtime-or-navigation (review call site),https://www.google.com/generate_204
src/actions/index.js,391,api.open-meteo.com,runtime-or-navigation (review call site),"https://api.open-meteo.com/v1/forecast?latitude=25.5941&longitude=84.8526&current=temperature_2m,relative_humidity_2m,weather_code,wind_speed_10m&daily=weather_code,temperature_2m_max,temperature_2m_min&timezone=auto&forecast_days=4"
src/actions/index.js,419,en.wikinews.org,runtime-or-navigation (review call site),https://en.wikinews.org/w/api.php?action=parse&page=Template:Latest_news&prop=text&format=json&origin=*
src/actions/index.js,427,en.wikinews.org,runtime-or-navigation (review call site),https://en.wikinews.org
src/actions/index.js,438,en.wikipedia.org,runtime-or-navigation (review call site),https://en.wikipedia.org/api/rest_v1/feed/onthisday/events
src/components/menu/index.jsx,7,www.apache.org,comment/license/reference,http://www.apache.org/licenses/LICENSE-2.0
src/components/menu/menu.scss,8,www.apache.org,comment/license/reference,http://www.apache.org/licenses/LICENSE-2.0
src/components/shared/Battery.jsx,7,www.apache.org,comment/license/reference,http://www.apache.org/licenses/LICENSE-2.0
src/components/shared/Battery.jsx,57,www.w3.org,namespace/not-network,http://www.w3.org/2000/svg
src/components/shared/Battery.jsx,73,www.w3.org,namespace/not-network,http://www.w3.org/2000/svg
src/components/shared/Battery.jsx,80,www.w3.org,namespace/not-network,http://www.w3.org/2000/svg
src/components/shared/Battery.jsx,87,www.w3.org,namespace/not-network,http://www.w3.org/2000/svg
src/components/shared/Controls.jsx,7,www.apache.org,comment/license/reference,http://www.apache.org/licenses/LICENSE-2.0
src/components/shared/RotateGate.jsx,7,www.apache.org,comment/license/reference,http://www.apache.org/licenses/LICENSE-2.0
src/components/shared/RunDialog.jsx,7,www.apache.org,comment/license/reference,http://www.apache.org/licenses/LICENSE-2.0
src/components/shared/battery.scss,8,www.apache.org,comment/license/reference,http://www.apache.org/licenses/LICENSE-2.0
src/components/shared/run.scss,8,www.apache.org,comment/license/reference,http://www.apache.org/licenses/LICENSE-2.0
src/components/start/index.jsx,7,www.apache.org,comment/license/reference,http://www.apache.org/licenses/LICENSE-2.0
src/components/start/index.jsx,234,github.com,runtime-or-navigation (review call site),https://github.com/bittuhere/win11WebOS
src/components/start/searchpane.scss,8,www.apache.org,comment/license/reference,http://www.apache.org/licenses/LICENSE-2.0
src/components/start/sidepane.scss,8,www.apache.org,comment/license/reference,http://www.apache.org/licenses/LICENSE-2.0
src/components/start/start.jsx,7,www.apache.org,comment/license/reference,http://www.apache.org/licenses/LICENSE-2.0
src/components/start/start.jsx,129,www.google.com,runtime-or-navigation (review call site),https://www.google.com/search?q=
src/components/start/start.jsx,130,www.bing.com,runtime-or-navigation (review call site),https://www.bing.com/search?q=
src/components/start/start.jsx,131,duckduckgo.com,runtime-or-navigation (review call site),https://duckduckgo.com/?q=
src/components/start/start.jsx,132,en.wikipedia.org,runtime-or-navigation (review call site),https://en.wikipedia.org/w/index.php?search=
src/components/start/start.jsx,133,www.youtube.com,runtime-or-navigation (review call site),https://www.youtube.com/results?search_query=
src/components/start/start.jsx,134,github.com,runtime-or-navigation (review call site),https://github.com/search?q=
src/components/start/start.jsx,522,github.com,runtime-or-navigation (review call site),https://github.com/bittuhere/win11WebOS
src/components/start/start.jsx,538,www.w3.org,namespace/not-network,http://www.w3.org/2000/svg
src/components/start/start.jsx,557,www.w3.org,namespace/not-network,http://www.w3.org/2000/svg
src/components/start/start.jsx,576,www.w3.org,namespace/not-network,http://www.w3.org/2000/svg
src/components/start/start.jsx,591,www.w3.org,namespace/not-network,http://www.w3.org/2000/svg
src/components/start/startmenu.scss,8,www.apache.org,comment/license/reference,http://www.apache.org/licenses/LICENSE-2.0
src/components/start/widget.jsx,7,www.apache.org,comment/license/reference,http://www.apache.org/licenses/LICENSE-2.0
src/components/start/widget.scss,8,www.apache.org,comment/license/reference,http://www.apache.org/licenses/LICENSE-2.0
src/components/taskbar/index.jsx,7,www.apache.org,comment/license/reference,http://www.apache.org/licenses/LICENSE-2.0
src/components/taskbar/taskbar.scss,8,www.apache.org,comment/license/reference,http://www.apache.org/licenses/LICENSE-2.0
src/components/updates/index.jsx,7,www.apache.org,comment/license/reference,http://www.apache.org/licenses/LICENSE-2.0
src/containers/applications/apps/about.jsx,7,www.apache.org,comment/license/reference,http://www.apache.org/licenses/LICENSE-2.0
src/containers/applications/apps/assets/Langswitch.jsx,7,www.apache.org,comment/license/reference,http://www.apache.org/licenses/LICENSE-2.0
src/containers/applications/apps/assets/camera.scss,8,www.apache.org,comment/license/reference,http://www.apache.org/licenses/LICENSE-2.0
src/containers/applications/apps/assets/fileexpo.scss,8,www.apache.org,comment/license/reference,http://www.apache.org/licenses/LICENSE-2.0
src/containers/applications/apps/assets/getstarted.scss,8,www.apache.org,comment/license/reference,http://www.apache.org/licenses/LICENSE-2.0
src/containers/applications/apps/assets/index.jsx,7,www.apache.org,comment/license/reference,http://www.apache.org/licenses/LICENSE-2.0
src/containers/applications/apps/assets/index.jsx,20,www.w3.org,namespace/not-network,https://www.w3.org/2000/svg
src/containers/applications/apps/assets/jiosaavn.js,7,www.apache.org,comment/license/reference,http://www.apache.org/licenses/LICENSE-2.0
src/containers/applications/apps/assets/jiosaavn.js,47,c.saavncdn.com,legacy data/module (not imported by current app),https://c.saavncdn.com/432/Raincoat-Hindi-2004-20210125130707-150x150.jpg
src/containers/applications/apps/assets/jiosaavn.js,51,aac.saavncdn.com,legacy data/module (not imported by current app),https://aac.saavncdn.com/432/545714e974b6138352be162e6f13c4f5_160.mp4
src/containers/applications/apps/assets/jiosaavn.js,56,dev.saavn.me,legacy data/module (not imported by current app),https://dev.saavn.me
src/containers/applications/apps/assets/songs.json,9,c.saavncdn.com,legacy data/module (not imported by current app),https://c.saavncdn.com/artists/Arijit_Singh_500x500.jpg
src/containers/applications/apps/assets/songs.json,27,c.saavncdn.com,legacy data/module (not imported by current app),https://c.saavncdn.com/artists/Kavita_Seth_500x500.jpg
src/containers/applications/apps/assets/songs.json,45,c.saavncdn.com,legacy data/module (not imported by current app),https://c.saavncdn.com/067/NF-English-2014-500x500.jpg
src/containers/applications/apps/assets/songs.json,63,c.saavncdn.com,legacy data/module (not imported by current app),https://c.saavncdn.com/365/Runaway-English-2015-500x500.jpg
src/containers/applications/apps/assets/songs.json,81,c.saavncdn.com,legacy data/module (not imported by current app),https://c.saavncdn.com/editorial/JhankarBeats_saavn_radio_20201215120219_500x500.jpg
src/containers/applications/apps/assets/songs.json,95,c.saavncdn.com,legacy data/module (not imported by current app),https://c.saavncdn.com/editorial/Chill_saavn_radio_500x500.jpg
src/containers/applications/apps/assets/songs.json,111,c.saavncdn.com,legacy data/module (not imported by current app),https://c.saavncdn.com/artists/Taylor_Swift_150x150.jpg
src/containers/applications/apps/assets/songs.json,123,c.saavncdn.com,legacy data/module (not imported by current app),https://c.saavncdn.com/228/Ek-Nazar-Hindi-2020-20200518060806-500x500.jpg
src/containers/applications/apps/assets/songs.json,130,c.saavncdn.com,legacy data/module (not imported by current app),https://c.saavncdn.com/323/Better-Days-English-2020-20200325160343-500x500.jpg
src/containers/applications/apps/assets/songs.json,137,c.saavncdn.com,legacy data/module (not imported by current app),https://c.saavncdn.com/artists/Sanam_-Band-_002_20201020080410_500x500.jpg
src/containers/applications/apps/assets/songs.json,143,c.saavncdn.com,legacy data/module (not imported by current app),https://c.saavncdn.com/066/R-I-S-E-English-2020-20201119060656-500x500.jpg
src/containers/applications/apps/assets/songs.json,150,c.saavncdn.com,legacy data/module (not imported by current app),https://c.saavncdn.com/019/Still-Here-Hindi-2021-20210309211207-500x500.jpg
src/containers/applications/apps/assets/songs.json,162,c.saavncdn.com,legacy data/module (not imported by current app),https://c.saavncdn.com/994/Tamasha-Hindi-2015-500x500.jpg
src/containers/applications/apps/assets/songs.json,169,c.saavncdn.com,legacy data/module (not imported by current app),https://c.saavncdn.com/565/Human-English-2016-500x500.jpg
src/containers/applications/apps/assets/songs.json,176,c.saavncdn.com,legacy data/module (not imported by current app),https://c.saavncdn.com/855/Homesick-English-2018-20181025170408-500x500.jpg
src/containers/applications/apps/assets/songs.json,183,c.saavncdn.com,legacy data/module (not imported by current app),https://c.saavncdn.com/790/Gangs-Of-Wasseypur-2012-500x500.jpg
src/containers/applications/apps/assets/songs.json,190,c.saavncdn.com,legacy data/module (not imported by current app),https://c.saavncdn.com/032/Jaane-Woh-Kaise-Sanam-Hindi-2017-20171204-500x500.jpg
src/containers/applications/apps/assets/songs.json,197,c.saavncdn.com,legacy data/module (not imported by current app),https://c.saavncdn.com/165/Stand-Up-From-Harriet--English-2019-20200414191117-500x500.jpg
src/containers/applications/apps/assets/songs.json,204,c.saavncdn.com,legacy data/module (not imported by current app),https://c.saavncdn.com/562/Different-World-English-2018-20181130144209-500x500.jpg
src/containers/applications/apps/assets/songs.json,211,c.saavncdn.com,legacy data/module (not imported by current app),https://c.saavncdn.com/065/Citylights-Hindi-2014-20190607111647-500x500.jpg
src/containers/applications/apps/assets/songs.json,218,c.saavncdn.com,legacy data/module (not imported by current app),https://c.saavncdn.com/702/Dee-MC--Hindi-2019-20191015104339-500x500.jpg
src/containers/applications/apps/assets/songs.json,225,c.saavncdn.com,legacy data/module (not imported by current app),https://c.saavncdn.com/024/Madness-English-2016-500x500.jpg
src/containers/applications/apps/assets/songs.json,237,c.saavncdn.com,legacy data/module (not imported by current app),https://c.saavncdn.com/531/Gulaal-Hindi-2009-500x500.jpg
src/containers/applications/apps/assets/songs.json,244,c.saavncdn.com,legacy data/module (not imported by current app),https://c.saavncdn.com/432/Raincoat-Hindi-2004-20210125130707-500x500.jpg
src/containers/applications/apps/assets/songs.json,251,c.saavncdn.com,legacy data/module (not imported by current app),https://c.saavncdn.com/742/A-Star-Is-Born-Soundtrack-Without-Dialogue--English-2018-20181004234940-500x500.jpg
src/containers/applications/apps/assets/songs.json,258,sklktcdnems06.cdnsrv.jio.com,legacy data/module (not imported by current app),https://sklktcdnems06.cdnsrv.jio.com/c.saavncdn.com/113/Main-Aur-Mera-Saya-Bhupen-Hazarika-2001-500x500.jpg
src/containers/applications/apps/assets/songs.json,265,c.saavncdn.com,legacy data/module (not imported by current app),https://c.saavncdn.com/228/Lover-English-2019-20190823031817-500x500.jpg
src/containers/applications/apps/assets/songs.json,272,c.saavncdn.com,legacy data/module (not imported by current app),https://c.saavncdn.com/430/Aashiqui-2-Hindi-2013-500x500.jpg
src/containers/applications/apps/assets/songs.json,279,c.saavncdn.com,legacy data/module (not imported by current app),https://c.saavncdn.com/369/I-Lost-a-Friend-English-2019-20200104144314-500x500.jpg
src/containers/applications/apps/assets/songs.json,286,c.saavncdn.com,legacy data/module (not imported by current app),https://c.saavncdn.com/078/MELT-English-2018-20180919230507-500x500.jpg
src/containers/applications/apps/assets/songs.json,293,c.saavncdn.com,legacy data/module (not imported by current app),https://c.saavncdn.com/836/Malang-Unleash-The-Madness-Hindi-2020-20200619175502-500x500.jpg
src/containers/applications/apps/assets/songs.json,300,c.saavncdn.com,legacy data/module (not imported by current app),https://c.saavncdn.com/585/Cradles-English-2019-20191028124508-500x500.jpg
src/containers/applications/apps/assets/songs.json,307,c.saavncdn.com,legacy data/module (not imported by current app),https://c.saavncdn.com/662/Chalo-Chalein-Hindi-2021-20210208203817-500x500.jpg
src/containers/applications/apps/assets/songs.json,319,c.saavncdn.com,legacy data/module (not imported by current app),https://c.saavncdn.com/artists/Ed_Sheeran_500x500.jpg
src/containers/applications/apps/assets/songs.json,325,c.saavncdn.com,legacy data/module (not imported by current app),https://c.saavncdn.com/artists/Selena_Gomez_500x500.jpg
src/containers/applications/apps/assets/songs.json,332,c.saavncdn.com,legacy data/module (not imported by current app),https://c.saavncdn.com/artists/Neeti_Mohan_003_20200211100510_500x500.jpg
src/containers/applications/apps/assets/songs.json,338,c.saavncdn.com,legacy data/module (not imported by current app),https://c.saavncdn.com/artists/Alan_Walker_002_20190507112228_500x500.jpg
src/containers/applications/apps/assets/songs.json,344,c.saavncdn.com,legacy data/module (not imported by current app),https://c.saavncdn.com/artists/Armaan_Malik_500x500.jpg
src/containers/applications/apps/assets/songs.json,350,c.saavncdn.com,legacy data/module (not imported by current app),https://c.saavncdn.com/artists/Shalmali_Kholgade_004_20200226073940_500x500.jpg
src/containers/applications/apps/assets/songs.json,356,c.saavncdn.com,legacy data/module (not imported by current app),https://c.saavncdn.com/artists/Justin_Bieber_500x500.jpg
src/containers/applications/apps/assets/songs.json,362,c.saavncdn.com,legacy data/module (not imported by current app),https://c.saavncdn.com/artists/Dj_Snake_500x500.jpg
src/containers/applications/apps/assets/songs.json,368,c.saavncdn.com,legacy data/module (not imported by current app),https://c.saavncdn.com/artists/Sia_500x500.jpg
src/containers/applications/apps/assets/songs.json,374,c.saavncdn.com,legacy data/module (not imported by current app),https://c.saavncdn.com/artists/Arijit_Singh_500x500.jpg
src/containers/applications/apps/assets/songs.json,380,c.saavncdn.com,legacy data/module (not imported by current app),https://c.saavncdn.com/artists/Alessia_Cara_20190306095839_500x500.jpg
src/containers/applications/apps/assets/songs.json,386,c.saavncdn.com,legacy data/module (not imported by current app),https://c.saavncdn.com/artists/The_Chainsmokers_500x500.jpg
src/containers/applications/apps/assets/songs.json,392,c.saavncdn.com,legacy data/module (not imported by current app),https://c.saavncdn.com/artists/Alec_Benjamin_000_20191129075848_500x500.jpg
src/containers/applications/apps/assets/songs.json,398,c.saavncdn.com,legacy data/module (not imported by current app),https://c.saavncdn.com/artists/Darshan_Raval_500x500.jpg
src/containers/applications/apps/assets/songs.json,404,c.saavncdn.com,legacy data/module (not imported by current app),https://c.saavncdn.com/artists/Atif_Aslam_500x500.jpg
src/containers/applications/apps/assets/songs.json,410,c.saavncdn.com,legacy data/module (not imported by current app),https://c.saavncdn.com/artists/Monali_Thakur_500x500.jpg
src/containers/applications/apps/assets/songs.json,431,c.saavncdn.com,legacy data/module (not imported by current app),https://c.saavncdn.com/432/Raincoat-Hindi-2004-20210125130707-150x150.jpg
src/containers/applications/apps/assets/songs.json,445,preview.saavncdn.com,legacy data/module (not imported by current app),https://preview.saavncdn.com/432/545714e974b6138352be162e6f13c4f5_96_p.mp4
src/containers/applications/apps/assets/songs.json,446,www.jiosaavn.com,legacy data/module (not imported by current app),https://www.jiosaavn.com/song/piya-tora-kaisa-abhiman/IxIRASZqcVE
src/containers/applications/apps/assets/songs.json,447,www.jiosaavn.com,legacy data/module (not imported by current app),https://www.jiosaavn.com/album/raincoat/pRBHHCeTDJ4_
src/containers/applications/apps/assets/songs.json,480,c.saavncdn.com,legacy data/module (not imported by current app),https://c.saavncdn.com/228/Ek-Nazar-Hindi-2020-20200518060806-150x150.jpg
src/containers/applications/apps/assets/songs.json,494,preview.saavncdn.com,legacy data/module (not imported by current app),https://preview.saavncdn.com/228/ca09b6e6d9f3f34f40c433fe9d34afdc_96_p.mp4
src/containers/applications/apps/assets/songs.json,495,www.jiosaavn.com,legacy data/module (not imported by current app),https://www.jiosaavn.com/song/ek-nazar/Ew8mHARieAo
src/containers/applications/apps/assets/songs.json,496,www.jiosaavn.com,legacy data/module (not imported by current app),https://www.jiosaavn.com/album/ek-nazar/Uj1mQk-qzFk_
src/containers/applications/apps/assets/songs.json,527,c.saavncdn.com,legacy data/module (not imported by current app),https://c.saavncdn.com/432/Raincoat-Hindi-2004-20210125130707-150x150.jpg
src/containers/applications/apps/assets/songs.json,541,preview.saavncdn.com,legacy data/module (not imported by current app),https://preview.saavncdn.com/432/c6d28dd01eb810fd4bda6d98ffd918d3_96_p.mp4
src/containers/applications/apps/assets/songs.json,542,www.jiosaavn.com,legacy data/module (not imported by current app),https://www.jiosaavn.com/song/akele-hum-nadiya-kinare/HTgACCxvf2w
src/containers/applications/apps/assets/songs.json,543,www.jiosaavn.com,legacy data/module (not imported by current app),https://www.jiosaavn.com/album/raincoat/pRBHHCeTDJ4_
src/containers/applications/apps/assets/songs.json,576,c.saavncdn.com,legacy data/module (not imported by current app),https://c.saavncdn.com/531/Gulaal-Hindi-2009-150x150.jpg
src/containers/applications/apps/assets/songs.json,590,preview.saavncdn.com,legacy data/module (not imported by current app),https://preview.saavncdn.com/531/bf06da5265af48db7bd2827f2e5f2d62_96_p.mp4
src/containers/applications/apps/assets/songs.json,591,www.jiosaavn.com,legacy data/module (not imported by current app),https://www.jiosaavn.com/song/duniya/IlosXwJgdFw
src/containers/applications/apps/assets/songs.json,592,www.jiosaavn.com,legacy data/module (not imported by current app),https://www.jiosaavn.com/album/gulaal/zmvsDKoP3lU_
src/containers/applications/apps/assets/songs.json,607,jiotunepreview.jio.com,legacy data/module (not imported by current app),https://jiotunepreview.jio.com/content/Converted/010910090132341.mp3
src/containers/applications/apps/assets/songs.json,625,c.saavncdn.com,legacy data/module (not imported by current app),https://c.saavncdn.com/887/Titliaan-Punjabi-2020-20201107053501-150x150.jpg
src/containers/applications/apps/assets/songs.json,639,preview.saavncdn.com,legacy data/module (not imported by current app),https://preview.saavncdn.com/887/a9ac75cf1159375c3a39cf23981f206f_96_p.mp4
src/containers/applications/apps/assets/songs.json,640,www.jiosaavn.com,legacy data/module (not imported by current app),https://www.jiosaavn.com/song/titliaan/FTo0SQcGBnY
src/containers/applications/apps/assets/songs.json,641,www.jiosaavn.com,legacy data/module (not imported by current app),"https://www.jiosaavn.com/album/titliaan/B1FU,XztHSo_"
src/containers/applications/apps/assets/songs.json,659,jiotunepreview.jio.com,legacy data/module (not imported by current app),https://jiotunepreview.jio.com/content/Converted/010912291152925.mp3
src/containers/applications/apps/assets/songs.json,677,c.saavncdn.com,legacy data/module (not imported by current app),https://c.saavncdn.com/704/Hotel-Mumbai-Hindi-2019-20191122162726-150x150.jpg
src/containers/applications/apps/assets/songs.json,691,preview.saavncdn.com,legacy data/module (not imported by current app),https://preview.saavncdn.com/704/aad433b3b9df83420db54b9312825751_96_p.mp4
src/containers/applications/apps/assets/songs.json,692,www.jiosaavn.com,legacy data/module (not imported by current app),https://www.jiosaavn.com/song/humein-bharat-kehte-hain/Ki8CVyJbRno
src/containers/applications/apps/assets/songs.json,693,www.jiosaavn.com,legacy data/module (not imported by current app),https://www.jiosaavn.com/album/hotel-mumbai/GHPFxWdJ-k0_
src/containers/applications/apps/assets/songs.json,712,jiotunepreview.jio.com,legacy data/module (not imported by current app),https://jiotunepreview.jio.com/content/Converted/010910440997133.mp3
src/containers/applications/apps/assets/songs.json,730,c.saavncdn.com,legacy data/module (not imported by current app),https://c.saavncdn.com/640/WHEN-WE-ALL-FALL-ASLEEP-WHERE-DO-WE-GO--English-2019-20190328231137-150x150.jpg
src/containers/applications/apps/assets/songs.json,744,preview.saavncdn.com,legacy data/module (not imported by current app),https://preview.saavncdn.com/640/a74840bbd8f610180518530f1fa10fcf_96_p.mp4
src/containers/applications/apps/assets/songs.json,745,www.jiosaavn.com,legacy data/module (not imported by current app),https://www.jiosaavn.com/song/bury-a-friend/JC0sCRdvcnk
src/containers/applications/apps/assets/songs.json,746,www.jiosaavn.com,legacy data/module (not imported by current app),https://www.jiosaavn.com/album/when-we-all-fall-asleep-where-do-we-go/eZW9bAVxhSk_
src/containers/applications/apps/assets/songs.json,761,jiotunepreview.jio.com,legacy data/module (not imported by current app),https://jiotunepreview.jio.com/content/Converted/010912291108433.mp3
src/containers/applications/apps/assets/songs.json,779,c.saavncdn.com,legacy data/module (not imported by current app),https://c.saavncdn.com/180/death-bed-English-2020-20200228133600-150x150.jpg
src/containers/applications/apps/assets/songs.json,793,preview.saavncdn.com,legacy data/module (not imported by current app),https://preview.saavncdn.com/180/77375fc68cbb672798c601d8047c46d1_96_p.mp4
src/containers/applications/apps/assets/songs.json,794,www.jiosaavn.com,legacy data/module (not imported by current app),https://www.jiosaavn.com/song/death-bed-coffee-for-your-head/FxFaBj98VFc
src/containers/applications/apps/assets/songs.json,795,www.jiosaavn.com,legacy data/module (not imported by current app),https://www.jiosaavn.com/album/death-bed-coffee-for-your-head/iUHuwfoIUuE_
src/containers/applications/apps/assets/songs.json,832,c.saavncdn.com,legacy data/module (not imported by current app),https://c.saavncdn.com/066/R-I-S-E-English-2020-20201119060656-150x150.jpg
src/containers/applications/apps/assets/songs.json,846,preview.saavncdn.com,legacy data/module (not imported by current app),https://preview.saavncdn.com/066/64a1562fff7bae660615a846ddda0165_96_p.mp4
src/containers/applications/apps/assets/songs.json,847,www.jiosaavn.com,legacy data/module (not imported by current app),https://www.jiosaavn.com/song/brahma’s-song/AgMbfzxjWAI
src/containers/applications/apps/assets/songs.json,848,www.jiosaavn.com,legacy data/module (not imported by current app),https://www.jiosaavn.com/album/r-i-s-e/vhAMpU9rmz4_
src/containers/applications/apps/assets/songs.json,880,c.saavncdn.com,legacy data/module (not imported by current app),https://c.saavncdn.com/885/Perception-English-2017-20171005000746-150x150.jpg
src/containers/applications/apps/assets/songs.json,894,preview.saavncdn.com,legacy data/module (not imported by current app),https://preview.saavncdn.com/885/f3e9d8f597206d8545f61178580ac6c7_96_p.mp4
src/containers/applications/apps/assets/songs.json,895,www.jiosaavn.com,legacy data/module (not imported by current app),https://www.jiosaavn.com/song/let-you-down/H1ABWgR7VFQ
src/containers/applications/apps/assets/songs.json,896,www.jiosaavn.com,legacy data/module (not imported by current app),https://www.jiosaavn.com/album/perception/E1LyPHfxVkk_
src/containers/applications/apps/assets/songs.json,911,jiotunepreview.jio.com,legacy data/module (not imported by current app),https://jiotunepreview.jio.com/content/Converted/010912291111327.mp3
src/containers/applications/apps/assets/songs.json,929,c.saavncdn.com,legacy data/module (not imported by current app),https://c.saavncdn.com/365/Runaway-English-2015-150x150.jpg
src/containers/applications/apps/assets/songs.json,943,preview.saavncdn.com,legacy data/module (not imported by current app),https://preview.saavncdn.com/365/2c56539e2d0b8d9daf86381d65217970_96_p.mp4
src/containers/applications/apps/assets/songs.json,944,www.jiosaavn.com,legacy data/module (not imported by current app),https://www.jiosaavn.com/song/runaway/BD0BaQJffGA
src/containers/applications/apps/assets/songs.json,945,www.jiosaavn.com,legacy data/module (not imported by current app),https://www.jiosaavn.com/album/runaway/3QomL-ZoWBY_
src/containers/applications/apps/assets/songs.json,976,c.saavncdn.com,legacy data/module (not imported by current app),https://c.saavncdn.com/564/Older-English-2018-20181103012920-150x150.jpg
src/containers/applications/apps/assets/songs.json,990,preview.saavncdn.com,legacy data/module (not imported by current app),https://preview.saavncdn.com/564/196e934fe41c075808d1034cf4d2392e_96_p.mp4
src/containers/applications/apps/assets/songs.json,991,www.jiosaavn.com,legacy data/module (not imported by current app),https://www.jiosaavn.com/song/older/Ox5dQzNZBnQ
src/containers/applications/apps/assets/songs.json,992,www.jiosaavn.com,legacy data/module (not imported by current app),"https://www.jiosaavn.com/album/older/ked,XgluKe8_"
src/containers/applications/apps/assets/spotify.scss,8,www.apache.org,comment/license/reference,http://www.apache.org/licenses/LICENSE-2.0
src/containers/applications/apps/assets/store-ai.js,7,www.apache.org,comment/license/reference,http://www.apache.org/licenses/LICENSE-2.0
src/containers/applications/apps/assets/store.json,4,raw.githubusercontent.com,legacy data/module (not imported by current app),https://raw.githubusercontent.com/andrewstech/windows11-1/master/public/img/icon/minecraft.png
src/containers/applications/apps/assets/store.json,8,classic.minecraft.net,legacy data/module (not imported by current app),https://classic.minecraft.net
src/containers/applications/apps/assets/store.json,10,www.minecraft.net,legacy data/module (not imported by current app),https://www.minecraft.net/content/dam/games/minecraft/key-art/CavesandCliffsPt1-dotNET-HomepagePromo-600x360.png
src/containers/applications/apps/assets/store.json,11,variety.com,legacy data/module (not imported by current app),https://variety.com/wp-content/uploads/2019/02/minecraft-best-year-yet.png?w=600
src/containers/applications/apps/assets/store.json,12,www.minecraft.net,legacy data/module (not imported by current app),https://www.minecraft.net/content/dam/games/minecraft/screenshots/RayTracing-MineCraft-PMP-Always-Something-New.jpg
src/containers/applications/apps/assets/store.json,20,trefoilkingdom.com,legacy data/module (not imported by current app),https://trefoilkingdom.com/uploads/games/42122/Smash-Karts.jpg
src/containers/applications/apps/assets/store.json,24,smashkarts.io,legacy data/module (not imported by current app),https://smashkarts.io
src/containers/applications/apps/assets/store.json,26,static.gogy.com,legacy data/module (not imported by current app),https://static.gogy.com/ogimages/smashkarts-io.jpg
src/containers/applications/apps/assets/store.json,27,yt3.ggpht.com,legacy data/module (not imported by current app),https://yt3.ggpht.com/f4e3X0TDQ6edrwk29w6pBgxLdTnNUvZdBkDGDO0zqlWXY6NGVjdDvlTKhyg4apwjykBu-hSGuw=s900-c-k-c0x00ffffff-no-rj
src/containers/applications/apps/assets/store.json,28,c.tenor.com,legacy data/module (not imported by current app),https://c.tenor.com/OOAB3Zw9lWsAAAAd/smash-karts-you-win.gif
src/containers/applications/apps/assets/store.json,29,cdn.titotu.io,legacy data/module (not imported by current app),https://cdn.titotu.io/images/games/smash-karts-631x355.jpg
src/containers/applications/apps/assets/store.json,37,krunker.io,legacy data/module (not imported by current app),https://krunker.io/img/newp.png
src/containers/applications/apps/assets/store.json,41,krunker.io,legacy data/module (not imported by current app),https://krunker.io
src/containers/applications/apps/assets/store.json,44,cdn.akamai.steamstatic.com,legacy data/module (not imported by current app),https://cdn.akamai.steamstatic.com/steam/apps/1408720/capsule_616x353.jpg
src/containers/applications/apps/assets/store.json,45,i.redd.it,legacy data/module (not imported by current app),https://i.redd.it/1oylfyu4giw21.png
src/containers/applications/apps/assets/store.json,46,d326lupd521z61.cloudfront.net,legacy data/module (not imported by current app),https://d326lupd521z61.cloudfront.net/uploads/webp/images/krunker-.io.webp
src/containers/applications/apps/assets/store.json,47,www.mejoress.com,legacy data/module (not imported by current app),https://www.mejoress.com/en/wp-content/uploads/Krunker-Aimbot-Hacks.jpg.webp
src/containers/applications/apps/assets/store.json,55,raw.githubusercontent.com,legacy data/module (not imported by current app),https://raw.githubusercontent.com/1j01/jspaint/master/images/icons/96x96.png
src/containers/applications/apps/assets/store.json,59,jspaint.app,legacy data/module (not imported by current app),https://jspaint.app
src/containers/applications/apps/assets/store.json,61,raw.githubusercontent.com,legacy data/module (not imported by current app),https://raw.githubusercontent.com/1j01/jspaint/master/images/meta/main-screenshot.png
src/containers/applications/apps/assets/store.json,62,repository-images.githubusercontent.com,legacy data/module (not imported by current app),https://repository-images.githubusercontent.com/16602433/6d236580-dcad-11e9-8e28-516524888463
src/containers/applications/apps/assets/store.json,63,ourcodeworld.com,legacy data/module (not imported by current app),https://ourcodeworld.com/public-media/articles/articleocw-5a6788d6906b2.png
src/containers/applications/apps/assets/store.json,71,images.all-free-download.com,legacy data/module (not imported by current app),https://images.all-free-download.com/images/graphiclarge/spider_solitaire_37215.jpg
src/containers/applications/apps/assets/store.json,75,www.squidbyte.com,legacy data/module (not imported by current app),https://www.squidbyte.com/games/spidersolitairewindowsxp
src/containers/applications/apps/assets/store.json,77,www.freecell.io,legacy data/module (not imported by current app),https://www.freecell.io/uploads/games/icons/freecellio/spider-solitaire-windows-xp.jpg
src/containers/applications/apps/assets/store.json,78,i.pinimg.com,legacy data/module (not imported by current app),https://i.pinimg.com/originals/da/fb/51/dafb514c4185b9349a1ec3de54e2ae33.png
src/containers/applications/apps/assets/store.json,79,upload.wikimedia.org,legacy data/module (not imported by current app),https://upload.wikimedia.org/wikipedia/en/7/77/Spider_Solitaire_7.png
src/containers/applications/apps/assets/store.json,87,www.wikipedia.org,legacy data/module (not imported by current app),https://www.wikipedia.org/portal/wikipedia.org/assets/img/Wikipedia-logo-v2.png
src/containers/applications/apps/assets/store.json,91,www.wikipedia.org,legacy data/module (not imported by current app),https://www.wikipedia.org
src/containers/applications/apps/assets/store.json,93,wikipediaproject.yale.edu,legacy data/module (not imported by current app),https://wikipediaproject.yale.edu/sites/default/files/images/wikipedia-logo-.jpg
src/containers/applications/apps/assets/store.json,94,upload.wikimedia.org,legacy data/module (not imported by current app),https://upload.wikimedia.org/wikipedia/en/8/8e/EnglishWikipedia_29June2017.png
src/containers/applications/apps/assets/store.json,95,resize.indiatvnews.com,legacy data/module (not imported by current app),https://resize.indiatvnews.com/en/resize/newbucket/1200_-/2020/05/wikipedia-swastha-1588853853.jpg
src/containers/applications/apps/assets/store.json,96,edtimes.in,legacy data/module (not imported by current app),https://edtimes.in/wp-content/uploads/2020/08/wikipedia-india-money-min-768x511.jpg
src/containers/applications/apps/assets/store.scss,8,www.apache.org,comment/license/reference,http://www.apache.org/licenses/LICENSE-2.0
src/containers/applications/apps/assets/taskmanager.scss,8,www.apache.org,comment/license/reference,http://www.apache.org/licenses/LICENSE-2.0
src/containers/applications/apps/calculator.jsx,7,www.apache.org,comment/license/reference,http://www.apache.org/licenses/LICENSE-2.0
src/containers/applications/apps/camera.jsx,7,www.apache.org,comment/license/reference,http://www.apache.org/licenses/LICENSE-2.0
src/containers/applications/apps/camera.scss,8,www.apache.org,comment/license/reference,http://www.apache.org/licenses/LICENSE-2.0
src/containers/applications/apps/clock.jsx,7,www.apache.org,comment/license/reference,http://www.apache.org/licenses/LICENSE-2.0
src/containers/applications/apps/edge.jsx,7,www.apache.org,comment/license/reference,http://www.apache.org/licenses/LICENSE-2.0
src/containers/applications/apps/edge/EdgeInternal.jsx,7,www.apache.org,comment/license/reference,http://www.apache.org/licenses/LICENSE-2.0
src/containers/applications/apps/edge/EdgeInternal.jsx,419,www.bing.com,runtime-or-navigation (review call site),https://www.bing.com
src/containers/applications/apps/edge/edge.jsx,7,www.apache.org,comment/license/reference,http://www.apache.org/licenses/LICENSE-2.0
src/containers/applications/apps/edge/edge.scss,8,www.apache.org,comment/license/reference,http://www.apache.org/licenses/LICENSE-2.0
src/containers/applications/apps/edge/edgeNav.js,7,www.apache.org,comment/license/reference,http://www.apache.org/licenses/LICENSE-2.0
src/containers/applications/apps/edge/edgeNav.js,20,www.google.com,comment/license/reference,https://www.google.com/webhp?igu=1
src/containers/applications/apps/edge/edgeNav.js,24,www.bing.com,comment/license/reference,https://www.bing.com/search?q=web
src/containers/applications/apps/edge/edgeNav.js,36,www.google.com,runtime-or-navigation (review call site),https://www.google.com/webhp?igu=1
src/containers/applications/apps/edge/edgeNav.js,37,www.google.com,runtime-or-navigation (review call site),https://www.google.com/webhp?igu=1
src/containers/applications/apps/edge/edgeNav.js,38,www.bing.com,runtime-or-navigation (review call site),https://www.bing.com/videos/search?q=nature+wildlife+documentary
src/containers/applications/apps/edge/edgeNav.js,67,www.bing.com,runtime-or-navigation (review call site),https://www.bing.com
src/containers/applications/apps/edge/edgeNav.js,68,www.wikipedia.org,runtime-or-navigation (review call site),https://www.wikipedia.org
src/containers/applications/apps/edge/edgeNav.js,69,www.openstreetmap.org,runtime-or-navigation (review call site),https://www.openstreetmap.org
src/containers/applications/apps/edge/edgeNav.js,70,archive.org,runtime-or-navigation (review call site),https://archive.org
src/containers/applications/apps/edge/edgeNav.js,71,www.gutenberg.org,runtime-or-navigation (review call site),https://www.gutenberg.org
src/containers/applications/apps/edge/edgeNav.js,72,www.wiktionary.org,runtime-or-navigation (review call site),https://www.wiktionary.org
src/containers/applications/apps/edge/edgeNav.js,100,www.bing.com,runtime-or-navigation (review call site),https://www.bing.com
src/containers/applications/apps/edge/edgeNav.js,101,www.wikipedia.org,runtime-or-navigation (review call site),https://www.wikipedia.org
src/containers/applications/apps/edge/edgeNav.js,102,www.openstreetmap.org,runtime-or-navigation (review call site),https://www.openstreetmap.org
src/containers/applications/apps/edge/edgeNav.js,103,archive.org,runtime-or-navigation (review call site),https://archive.org
src/containers/applications/apps/edge/edgeNav.js,183,www.bing.com,runtime-or-navigation (review call site),https://www.bing.com/search?q=web
src/containers/applications/apps/edge/edgeNav.js,193,www.bing.com,runtime-or-navigation (review call site),https://www.bing.com/videos/search?q=${encodeURIComponent(v
src/containers/applications/apps/edge/edgeNav.js,303,www.bing.com,runtime-or-navigation (review call site),https://www.bing.com/search?q=
src/containers/applications/apps/edge/edgeNav.js,307,www.google.com,runtime-or-navigation (review call site),https://www.google.com/search?igu=1&q=
src/containers/applications/apps/edge/edgeNav.js,311,duckduckgo.com,runtime-or-navigation (review call site),https://duckduckgo.com/?q=
src/containers/applications/apps/edge/edgeNav.js,322,www.bing.com,runtime-or-navigation (review call site),https://www.bing.com/copilotsearch?q=
src/containers/applications/apps/edge/edgeNav.js,342,www.google.com,runtime-or-navigation (review call site),https://www.google.com/s2/favicons?domain=${host}&sz=${size}
src/containers/applications/apps/edge/edgeNav.js,463,www.youtube-nocookie.com,runtime-or-navigation (review call site),https://www.youtube-nocookie.com/embed/${id}?${params.toString(
src/containers/applications/apps/explorer.jsx,7,www.apache.org,comment/license/reference,http://www.apache.org/licenses/LICENSE-2.0
src/containers/applications/apps/extras.jsx,8,www.apache.org,comment/license/reference,http://www.apache.org/licenses/LICENSE-2.0
src/containers/applications/apps/extras.jsx,288,openholidaysapi.org,runtime-or-navigation (review call site),https://openholidaysapi.org/PublicHolidays?countryIsoCode=${country}&languageIsoCode=EN&validFrom=${year}-01-01&validTo=${year}-12-31
src/containers/applications/apps/extras.jsx,1479,photon.komoot.io,runtime-or-navigation (review call site),https://photon.komoot.io
src/containers/applications/apps/extras.jsx,1556,ipapi.co,runtime-or-navigation (review call site),https://ipapi.co/json/
src/containers/applications/apps/extras.jsx,1569,ipwho.is,runtime-or-navigation (review call site),https://ipwho.is/
src/containers/applications/apps/extras.jsx,1582,ippubblico.org,runtime-or-navigation (review call site),https://ippubblico.org/?api=1
src/containers/applications/apps/extras.jsx,2012,www.openstreetmap.org,runtime-or-navigation (review call site),https://www.openstreetmap.org/export/embed.html?bbox=${bboxStr}&layer=${layer}&marker=${sel.lat.toFixed(5
src/containers/applications/apps/extras.jsx,2023,www.openstreetmap.org,runtime-or-navigation (review call site),https://www.openstreetmap.org/?mlat=${sel.lat}&mlon=${sel.lon}#map=14/${sel.lat}/${sel.lon}
src/containers/applications/apps/extras.jsx,2295,www.openstreetmap.org,runtime-or-navigation (review call site),https://www.openstreetmap.org/copyright
src/containers/applications/apps/extras.jsx,2302,photon.komoot.io,runtime-or-navigation (review call site),https://photon.komoot.io
src/containers/applications/apps/extras.jsx,2320,en.wikipedia.org,runtime-or-navigation (review call site),https://en.wikipedia.org/w/api.php
src/containers/applications/apps/extras.jsx,2358,en.wikipedia.org,runtime-or-navigation (review call site),https://en.wikipedia.org/wiki/${encodeURIComponent(wikiTitle.replace(/
src/containers/applications/apps/extras.jsx,2392,en.wikipedia.org,runtime-or-navigation (review call site),https://en.wikipedia.org/wiki/${encodeURIComponent(wikiTitle.replace(/
src/containers/applications/apps/extras.jsx,2428,en.wikipedia.org,runtime-or-navigation (review call site),https://en.wikipedia.org/wiki/${encodeURIComponent(wikiTitle.replace(/
src/containers/applications/apps/extras.jsx,2727,en.wikipedia.org,runtime-or-navigation (review call site),https://en.wikipedia.org/wiki/${encodeURIComponent(title.replace(/
src/containers/applications/apps/getstarted.jsx,7,www.apache.org,comment/license/reference,http://www.apache.org/licenses/LICENSE-2.0
src/containers/applications/apps/minesweeper.jsx,7,www.apache.org,comment/license/reference,http://www.apache.org/licenses/LICENSE-2.0
src/containers/applications/apps/minesweeper.scss,8,www.apache.org,comment/license/reference,http://www.apache.org/licenses/LICENSE-2.0
src/containers/applications/apps/notepad.jsx,7,www.apache.org,comment/license/reference,http://www.apache.org/licenses/LICENSE-2.0
src/containers/applications/apps/notepad.scss,8,www.apache.org,comment/license/reference,http://www.apache.org/licenses/LICENSE-2.0
src/containers/applications/apps/paint.jsx,7,www.apache.org,comment/license/reference,http://www.apache.org/licenses/LICENSE-2.0
src/containers/applications/apps/paint.scss,8,www.apache.org,comment/license/reference,http://www.apache.org/licenses/LICENSE-2.0
src/containers/applications/apps/photos.jsx,7,www.apache.org,comment/license/reference,http://www.apache.org/licenses/LICENSE-2.0
src/containers/applications/apps/photos.scss,8,www.apache.org,comment/license/reference,http://www.apache.org/licenses/LICENSE-2.0
src/containers/applications/apps/recycle.jsx,7,www.apache.org,comment/license/reference,http://www.apache.org/licenses/LICENSE-2.0
src/containers/applications/apps/recycle.scss,8,www.apache.org,comment/license/reference,http://www.apache.org/licenses/LICENSE-2.0
src/containers/applications/apps/settings.jsx,7,www.apache.org,comment/license/reference,http://www.apache.org/licenses/LICENSE-2.0
src/containers/applications/apps/settings.jsx,2117,www.w3.org,namespace/not-network,http://www.w3.org/2000/svg
src/containers/applications/apps/solitaire-aashish/engine.css,4,github.com,comment/license/reference,https://github.com/AashishChakravarty/solitaire
src/containers/applications/apps/solitaire-aashish/engine.js,3,github.com,comment/license/reference,https://github.com/AashishChakravarty/solitaire
src/containers/applications/apps/solitaire-engine/card-library/css/cardstarter.min.css,8,www.apache.org,comment/license/reference,http://www.apache.org/licenses/LICENSE-2.0
src/containers/applications/apps/solitaire-engine/card-library/images/backs/blue.svg,1,www.w3.org,namespace/not-network,http://www.w3.org/1999/xlink
src/containers/applications/apps/solitaire-engine/card-library/images/backs/blue.svg,1,www.w3.org,namespace/not-network,http://www.w3.org/2000/svg
src/containers/applications/apps/solitaire-engine/card-library/images/backs/red.svg,1,www.w3.org,namespace/not-network,http://www.w3.org/1999/xlink
src/containers/applications/apps/solitaire-engine/card-library/images/backs/red.svg,1,www.w3.org,namespace/not-network,http://www.w3.org/2000/svg
src/containers/applications/apps/solitaire-engine/card-library/images/clubs/clubs-A.svg,1,www.w3.org,namespace/not-network,http://www.w3.org/2000/svg
src/containers/applications/apps/solitaire-engine/card-library/images/clubs/clubs-J.svg,1,www.w3.org,namespace/not-network,http://www.w3.org/2000/svg
src/containers/applications/apps/solitaire-engine/card-library/images/clubs/clubs-K.svg,1,www.w3.org,namespace/not-network,http://www.w3.org/2000/svg
src/containers/applications/apps/solitaire-engine/card-library/images/clubs/clubs-Q.svg,1,www.w3.org,namespace/not-network,http://www.w3.org/2000/svg
src/containers/applications/apps/solitaire-engine/card-library/images/clubs/clubs-r02.svg,1,www.w3.org,namespace/not-network,http://www.w3.org/2000/svg
src/containers/applications/apps/solitaire-engine/card-library/images/clubs/clubs-r03.svg,1,www.w3.org,namespace/not-network,http://www.w3.org/2000/svg
src/containers/applications/apps/solitaire-engine/card-library/images/clubs/clubs-r04.svg,1,www.w3.org,namespace/not-network,http://www.w3.org/2000/svg
src/containers/applications/apps/solitaire-engine/card-library/images/clubs/clubs-r05.svg,1,www.w3.org,namespace/not-network,http://www.w3.org/2000/svg
src/containers/applications/apps/solitaire-engine/card-library/images/clubs/clubs-r06.svg,1,www.w3.org,namespace/not-network,http://www.w3.org/2000/svg
src/containers/applications/apps/solitaire-engine/card-library/images/clubs/clubs-r07.svg,1,www.w3.org,namespace/not-network,http://www.w3.org/2000/svg
src/containers/applications/apps/solitaire-engine/card-library/images/clubs/clubs-r08.svg,1,www.w3.org,namespace/not-network,http://www.w3.org/2000/svg
src/containers/applications/apps/solitaire-engine/card-library/images/clubs/clubs-r09.svg,1,www.w3.org,namespace/not-network,http://www.w3.org/2000/svg
src/containers/applications/apps/solitaire-engine/card-library/images/clubs/clubs-r10.svg,1,www.w3.org,namespace/not-network,http://www.w3.org/2000/svg
src/containers/applications/apps/solitaire-engine/card-library/images/diamonds/diamonds-A.svg,1,www.w3.org,namespace/not-network,http://www.w3.org/2000/svg
src/containers/applications/apps/solitaire-engine/card-library/images/diamonds/diamonds-J.svg,1,www.w3.org,namespace/not-network,http://www.w3.org/2000/svg
src/containers/applications/apps/solitaire-engine/card-library/images/diamonds/diamonds-K.svg,1,www.w3.org,namespace/not-network,http://www.w3.org/2000/svg
src/containers/applications/apps/solitaire-engine/card-library/images/diamonds/diamonds-Q.svg,1,www.w3.org,namespace/not-network,http://www.w3.org/2000/svg
src/containers/applications/apps/solitaire-engine/card-library/images/diamonds/diamonds-r02.svg,1,www.w3.org,namespace/not-network,http://www.w3.org/2000/svg
src/containers/applications/apps/solitaire-engine/card-library/images/diamonds/diamonds-r03.svg,1,www.w3.org,namespace/not-network,http://www.w3.org/2000/svg
src/containers/applications/apps/solitaire-engine/card-library/images/diamonds/diamonds-r04.svg,1,www.w3.org,namespace/not-network,http://www.w3.org/2000/svg
src/containers/applications/apps/solitaire-engine/card-library/images/diamonds/diamonds-r05.svg,1,www.w3.org,namespace/not-network,http://www.w3.org/2000/svg
src/containers/applications/apps/solitaire-engine/card-library/images/diamonds/diamonds-r06.svg,1,www.w3.org,namespace/not-network,http://www.w3.org/2000/svg
src/containers/applications/apps/solitaire-engine/card-library/images/diamonds/diamonds-r07.svg,1,www.w3.org,namespace/not-network,http://www.w3.org/2000/svg
src/containers/applications/apps/solitaire-engine/card-library/images/diamonds/diamonds-r08.svg,1,www.w3.org,namespace/not-network,http://www.w3.org/2000/svg
src/containers/applications/apps/solitaire-engine/card-library/images/diamonds/diamonds-r09.svg,1,www.w3.org,namespace/not-network,http://www.w3.org/2000/svg
src/containers/applications/apps/solitaire-engine/card-library/images/diamonds/diamonds-r10.svg,1,www.w3.org,namespace/not-network,http://www.w3.org/2000/svg
src/containers/applications/apps/solitaire-engine/card-library/images/hearts/hearts-A.svg,1,www.w3.org,namespace/not-network,http://www.w3.org/2000/svg
src/containers/applications/apps/solitaire-engine/card-library/images/hearts/hearts-J.svg,1,www.w3.org,namespace/not-network,http://www.w3.org/2000/svg
src/containers/applications/apps/solitaire-engine/card-library/images/hearts/hearts-K.svg,1,www.w3.org,namespace/not-network,http://www.w3.org/2000/svg
src/containers/applications/apps/solitaire-engine/card-library/images/hearts/hearts-Q.svg,1,www.w3.org,namespace/not-network,http://www.w3.org/2000/svg
src/containers/applications/apps/solitaire-engine/card-library/images/hearts/hearts-r02.svg,1,www.w3.org,namespace/not-network,http://www.w3.org/2000/svg
src/containers/applications/apps/solitaire-engine/card-library/images/hearts/hearts-r03.svg,1,www.w3.org,namespace/not-network,http://www.w3.org/2000/svg
src/containers/applications/apps/solitaire-engine/card-library/images/hearts/hearts-r04.svg,1,www.w3.org,namespace/not-network,http://www.w3.org/2000/svg
src/containers/applications/apps/solitaire-engine/card-library/images/hearts/hearts-r05.svg,1,www.w3.org,namespace/not-network,http://www.w3.org/2000/svg
src/containers/applications/apps/solitaire-engine/card-library/images/hearts/hearts-r06.svg,1,www.w3.org,namespace/not-network,http://www.w3.org/2000/svg
src/containers/applications/apps/solitaire-engine/card-library/images/hearts/hearts-r07.svg,1,www.w3.org,namespace/not-network,http://www.w3.org/2000/svg
src/containers/applications/apps/solitaire-engine/card-library/images/hearts/hearts-r08.svg,1,www.w3.org,namespace/not-network,http://www.w3.org/2000/svg
src/containers/applications/apps/solitaire-engine/card-library/images/hearts/hearts-r09.svg,1,www.w3.org,namespace/not-network,http://www.w3.org/2000/svg
src/containers/applications/apps/solitaire-engine/card-library/images/hearts/hearts-r10.svg,1,www.w3.org,namespace/not-network,http://www.w3.org/2000/svg
src/containers/applications/apps/solitaire-engine/card-library/images/jokers/joker-black.svg,1,www.w3.org,namespace/not-network,http://www.w3.org/2000/svg
src/containers/applications/apps/solitaire-engine/card-library/images/jokers/joker-red.svg,1,www.w3.org,namespace/not-network,http://www.w3.org/2000/svg
src/containers/applications/apps/solitaire-engine/card-library/images/jokers/joker.svg,1,www.w3.org,namespace/not-network,http://www.w3.org/2000/svg
src/containers/applications/apps/solitaire-engine/card-library/images/spades/spades-A.svg,1,www.w3.org,namespace/not-network,http://www.w3.org/2000/svg
src/containers/applications/apps/solitaire-engine/card-library/images/spades/spades-J.svg,1,www.w3.org,namespace/not-network,http://www.w3.org/2000/svg
src/containers/applications/apps/solitaire-engine/card-library/images/spades/spades-K.svg,1,www.w3.org,namespace/not-network,http://www.w3.org/2000/svg
src/containers/applications/apps/solitaire-engine/card-library/images/spades/spades-Q.svg,1,www.w3.org,namespace/not-network,http://www.w3.org/2000/svg
src/containers/applications/apps/solitaire-engine/card-library/images/spades/spades-r02.svg,1,www.w3.org,namespace/not-network,http://www.w3.org/2000/svg
src/containers/applications/apps/solitaire-engine/card-library/images/spades/spades-r03.svg,1,www.w3.org,namespace/not-network,http://www.w3.org/2000/svg
src/containers/applications/apps/solitaire-engine/card-library/images/spades/spades-r04.svg,1,www.w3.org,namespace/not-network,http://www.w3.org/2000/svg
src/containers/applications/apps/solitaire-engine/card-library/images/spades/spades-r05.svg,1,www.w3.org,namespace/not-network,http://www.w3.org/2000/svg
src/containers/applications/apps/solitaire-engine/card-library/images/spades/spades-r06.svg,1,www.w3.org,namespace/not-network,http://www.w3.org/2000/svg
src/containers/applications/apps/solitaire-engine/card-library/images/spades/spades-r07.svg,1,www.w3.org,namespace/not-network,http://www.w3.org/2000/svg
src/containers/applications/apps/solitaire-engine/card-library/images/spades/spades-r08.svg,1,www.w3.org,namespace/not-network,http://www.w3.org/2000/svg
src/containers/applications/apps/solitaire-engine/card-library/images/spades/spades-r09.svg,1,www.w3.org,namespace/not-network,http://www.w3.org/2000/svg
src/containers/applications/apps/solitaire-engine/card-library/images/spades/spades-r10.svg,1,www.w3.org,namespace/not-network,http://www.w3.org/2000/svg
src/containers/applications/apps/solitaire-engine/engine.css,4,github.com,comment/license/reference,https://github.com/cango91/solitaire
src/containers/applications/apps/solitaire.jsx,8,www.apache.org,comment/license/reference,http://www.apache.org/licenses/LICENSE-2.0
src/containers/applications/apps/solitaire.scss,8,www.apache.org,comment/license/reference,http://www.apache.org/licenses/LICENSE-2.0
src/containers/applications/apps/store.jsx,7,www.apache.org,comment/license/reference,http://www.apache.org/licenses/LICENSE-2.0
src/containers/applications/apps/store.jsx,1492,www.google.com,runtime-or-navigation (review call site),https://www.google.com/s2/favicons?domain=${new
src/containers/applications/apps/store.jsx,1513,example.com,runtime-or-navigation (review call site),https://example.com
src/containers/applications/apps/store.jsx,1582,example.com,runtime-or-navigation (review call site),https://example.com
src/containers/applications/apps/store.jsx,1597,example.com,runtime-or-navigation (review call site),https://example.com/logo.svg
src/containers/applications/apps/taskmanager.jsx,7,www.apache.org,comment/license/reference,http://www.apache.org/licenses/LICENSE-2.0
src/containers/applications/apps/terminal.jsx,8,www.apache.org,comment/license/reference,http://www.apache.org/licenses/LICENSE-2.0
src/containers/applications/apps/terminal.jsx,66,ipapi.co,runtime-or-navigation (review call site),https://ipapi.co/json
src/containers/applications/apps/terminal.jsx,276,example.com,runtime-or-navigation (review call site),https://example.com
src/containers/applications/apps/terminal.jsx,316,geocoding-api.open-meteo.com,runtime-or-navigation (review call site),https://geocoding-api.open-meteo.com/v1/search?name=${encodeURIComponent(city
src/containers/applications/apps/terminal.jsx,322,geocoding-api.open-meteo.com,runtime-or-navigation (review call site),https://geocoding-api.open-meteo.com/v1/search?name=${encodeURIComponent(city
src/containers/applications/apps/terminal.jsx,330,api.open-meteo.com,runtime-or-navigation (review call site),"https://api.open-meteo.com/v1/forecast?latitude=${h.latitude}&longitude=${h.longitude}&current=temperature_2m,apparent_temperature,weather_code,wind_speed_10m&daily=temperature_2m_max,temperature_2m_min&timezone=auto"
src/containers/applications/apps/weather.jsx,7,www.apache.org,comment/license/reference,http://www.apache.org/licenses/LICENSE-2.0
src/containers/applications/apps/weather.jsx,122,api.open-meteo.com,runtime-or-navigation (review call site),https://api.open-meteo.com/v1/forecast?latitude=${sel.lat}&longitude=${sel.lon}
src/containers/applications/apps/weather.jsx,160,geocoding-api.open-meteo.com,runtime-or-navigation (review call site),https://geocoding-api.open-meteo.com/v1/search?name=${encodeURIComponent(q2
src/containers/applications/apps/whiteboard.jsx,7,www.apache.org,comment/license/reference,http://www.apache.org/licenses/LICENSE-2.0
src/containers/applications/apps/whiteboard.scss,8,www.apache.org,comment/license/reference,http://www.apache.org/licenses/LICENSE-2.0
src/containers/applications/draft.jsx,7,www.apache.org,comment/license/reference,http://www.apache.org/licenses/LICENSE-2.0
src/containers/applications/draft.jsx,100,www.w3.org,namespace/not-network,http://www.w3.org/2000/svg
src/containers/applications/index.jsx,7,www.apache.org,comment/license/reference,http://www.apache.org/licenses/LICENSE-2.0
src/containers/applications/tabs.scss,8,www.apache.org,comment/license/reference,http://www.apache.org/licenses/LICENSE-2.0
src/containers/applications/tabs2.scss,8,www.apache.org,comment/license/reference,http://www.apache.org/licenses/LICENSE-2.0
src/containers/applications/wnapp.scss,8,www.apache.org,comment/license/reference,http://www.apache.org/licenses/LICENSE-2.0
src/containers/background/back.scss,8,www.apache.org,comment/license/reference,http://www.apache.org/licenses/LICENSE-2.0
src/containers/background/back.scss,305,docs.microsoft.com,comment/license/reference,https://docs.microsoft.com/en-us/fluent-ui/web-components/components/progress-ring
src/containers/background/index.jsx,7,www.apache.org,comment/license/reference,http://www.apache.org/licenses/LICENSE-2.0
src/containers/oobe/BrowserLogos.jsx,7,www.apache.org,comment/license/reference,http://www.apache.org/licenses/LICENSE-2.0
src/containers/oobe/index.jsx,7,www.apache.org,comment/license/reference,http://www.apache.org/licenses/LICENSE-2.0
src/containers/oobe/index.jsx,118,www.microsoft.com,runtime-or-navigation (review call site),https://www.microsoft.com/edge/download
src/containers/oobe/index.jsx,132,www.google.com,runtime-or-navigation (review call site),https://www.google.com/chrome/
src/containers/oobe/index.jsx,146,www.mozilla.org,runtime-or-navigation (review call site),https://www.mozilla.org/firefox/download/
src/containers/oobe/index.jsx,160,developer.apple.com,runtime-or-navigation (review call site),https://developer.apple.com/documentation/safariservices/safari_web_extensions
src/containers/oobe/oobe.scss,8,www.apache.org,comment/license/reference,http://www.apache.org/licenses/LICENSE-2.0
src/containers/ui/index.jsx,7,www.apache.org,comment/license/reference,http://www.apache.org/licenses/LICENSE-2.0
src/containers/ui/ui.scss,8,www.apache.org,comment/license/reference,http://www.apache.org/licenses/LICENSE-2.0
src/i18nextConf.js,7,www.apache.org,comment/license/reference,http://www.apache.org/licenses/LICENSE-2.0
src/index.css,8,www.apache.org,comment/license/reference,http://www.apache.org/licenses/LICENSE-2.0
src/index.jsx,7,www.apache.org,comment/license/reference,http://www.apache.org/licenses/LICENSE-2.0
src/reducers/apps.js,7,www.apache.org,comment/license/reference,http://www.apache.org/licenses/LICENSE-2.0
src/reducers/desktop.js,7,www.apache.org,comment/license/reference,http://www.apache.org/licenses/LICENSE-2.0
src/reducers/files.js,7,www.apache.org,comment/license/reference,http://www.apache.org/licenses/LICENSE-2.0
src/reducers/globals.js,7,www.apache.org,comment/license/reference,http://www.apache.org/licenses/LICENSE-2.0
src/reducers/history.json,39,en.wikipedia.org,offline fallback article outbound link,https://en.wikipedia.org/wiki/2013_Egyptian_coup_d
src/reducers/history.json,40,en.wikipedia.org,offline fallback article outbound link,https://en.wikipedia.org/wiki/2013_Egyptian_coup_d
src/reducers/history.json,41,en.wikipedia.org,offline fallback article outbound link,https://en.wikipedia.org/wiki/2013_Egyptian_coup_d
src/reducers/history.json,42,en.wikipedia.org,offline fallback article outbound link,https://en.wikipedia.org/wiki/Talk:2013_Egyptian_coup_d
src/reducers/history.json,45,en.m.wikipedia.org,offline fallback article outbound link,https://en.m.wikipedia.org/wiki/2013_Egyptian_coup_d
src/reducers/history.json,46,en.m.wikipedia.org,offline fallback article outbound link,https://en.m.wikipedia.org/wiki/Special:History/2013_Egyptian_coup_d
src/reducers/history.json,47,en.m.wikipedia.org,offline fallback article outbound link,https://en.m.wikipedia.org/wiki/2013_Egyptian_coup_d
src/reducers/history.json,48,en.m.wikipedia.org,offline fallback article outbound link,https://en.m.wikipedia.org/wiki/Talk:2013_Egyptian_coup_d
src/reducers/history.json,89,en.wikipedia.org,offline fallback article outbound link,https://en.wikipedia.org/wiki/President_of_Egypt
src/reducers/history.json,90,en.wikipedia.org,offline fallback article outbound link,https://en.wikipedia.org/wiki/President_of_Egypt?action=history
src/reducers/history.json,91,en.wikipedia.org,offline fallback article outbound link,https://en.wikipedia.org/wiki/President_of_Egypt?action=edit
src/reducers/history.json,92,en.wikipedia.org,offline fallback article outbound link,https://en.wikipedia.org/wiki/Talk:President_of_Egypt
src/reducers/history.json,95,en.m.wikipedia.org,offline fallback article outbound link,https://en.m.wikipedia.org/wiki/President_of_Egypt
src/reducers/history.json,96,en.m.wikipedia.org,offline fallback article outbound link,https://en.m.wikipedia.org/wiki/Special:History/President_of_Egypt
src/reducers/history.json,97,en.m.wikipedia.org,offline fallback article outbound link,https://en.m.wikipedia.org/wiki/President_of_Egypt?action=edit
src/reducers/history.json,98,en.m.wikipedia.org,offline fallback article outbound link,https://en.m.wikipedia.org/wiki/Talk:President_of_Egypt
src/reducers/history.json,139,en.wikipedia.org,offline fallback article outbound link,https://en.wikipedia.org/wiki/Mohamed_Morsi
src/reducers/history.json,140,en.wikipedia.org,offline fallback article outbound link,https://en.wikipedia.org/wiki/Mohamed_Morsi?action=history
src/reducers/history.json,141,en.wikipedia.org,offline fallback article outbound link,https://en.wikipedia.org/wiki/Mohamed_Morsi?action=edit
src/reducers/history.json,142,en.wikipedia.org,offline fallback article outbound link,https://en.wikipedia.org/wiki/Talk:Mohamed_Morsi
src/reducers/history.json,145,en.m.wikipedia.org,offline fallback article outbound link,https://en.m.wikipedia.org/wiki/Mohamed_Morsi
src/reducers/history.json,146,en.m.wikipedia.org,offline fallback article outbound link,https://en.m.wikipedia.org/wiki/Special:History/Mohamed_Morsi
src/reducers/history.json,147,en.m.wikipedia.org,offline fallback article outbound link,https://en.m.wikipedia.org/wiki/Mohamed_Morsi?action=edit
src/reducers/history.json,148,en.m.wikipedia.org,offline fallback article outbound link,https://en.m.wikipedia.org/wiki/Talk:Mohamed_Morsi
src/reducers/history.json,189,en.wikipedia.org,offline fallback article outbound link,https://en.wikipedia.org/wiki/Egyptian_Armed_Forces
src/reducers/history.json,190,en.wikipedia.org,offline fallback article outbound link,https://en.wikipedia.org/wiki/Egyptian_Armed_Forces?action=history
src/reducers/history.json,191,en.wikipedia.org,offline fallback article outbound link,https://en.wikipedia.org/wiki/Egyptian_Armed_Forces?action=edit
src/reducers/history.json,192,en.wikipedia.org,offline fallback article outbound link,https://en.wikipedia.org/wiki/Talk:Egyptian_Armed_Forces
src/reducers/history.json,195,en.m.wikipedia.org,offline fallback article outbound link,https://en.m.wikipedia.org/wiki/Egyptian_Armed_Forces
src/reducers/history.json,196,en.m.wikipedia.org,offline fallback article outbound link,https://en.m.wikipedia.org/wiki/Special:History/Egyptian_Armed_Forces
src/reducers/history.json,197,en.m.wikipedia.org,offline fallback article outbound link,https://en.m.wikipedia.org/wiki/Egyptian_Armed_Forces?action=edit
src/reducers/history.json,198,en.m.wikipedia.org,offline fallback article outbound link,https://en.m.wikipedia.org/wiki/Talk:Egyptian_Armed_Forces
src/reducers/history.json,239,en.wikipedia.org,offline fallback article outbound link,https://en.wikipedia.org/wiki/Supreme_Constitutional_Court_(Egypt
src/reducers/history.json,240,en.wikipedia.org,offline fallback article outbound link,https://en.wikipedia.org/wiki/Supreme_Constitutional_Court_(Egypt
src/reducers/history.json,241,en.wikipedia.org,offline fallback article outbound link,https://en.wikipedia.org/wiki/Supreme_Constitutional_Court_(Egypt
src/reducers/history.json,242,en.wikipedia.org,offline fallback article outbound link,https://en.wikipedia.org/wiki/Talk:Supreme_Constitutional_Court_(Egypt
src/reducers/history.json,245,en.m.wikipedia.org,offline fallback article outbound link,https://en.m.wikipedia.org/wiki/Supreme_Constitutional_Court_(Egypt
src/reducers/history.json,246,en.m.wikipedia.org,offline fallback article outbound link,https://en.m.wikipedia.org/wiki/Special:History/Supreme_Constitutional_Court_(Egypt
src/reducers/history.json,247,en.m.wikipedia.org,offline fallback article outbound link,https://en.m.wikipedia.org/wiki/Supreme_Constitutional_Court_(Egypt
src/reducers/history.json,248,en.m.wikipedia.org,offline fallback article outbound link,https://en.m.wikipedia.org/wiki/Talk:Supreme_Constitutional_Court_(Egypt
src/reducers/history.json,289,en.wikipedia.org,offline fallback article outbound link,https://en.wikipedia.org/wiki/Adly_Mansour
src/reducers/history.json,290,en.wikipedia.org,offline fallback article outbound link,https://en.wikipedia.org/wiki/Adly_Mansour?action=history
src/reducers/history.json,291,en.wikipedia.org,offline fallback article outbound link,https://en.wikipedia.org/wiki/Adly_Mansour?action=edit
src/reducers/history.json,292,en.wikipedia.org,offline fallback article outbound link,https://en.wikipedia.org/wiki/Talk:Adly_Mansour
src/reducers/history.json,295,en.m.wikipedia.org,offline fallback article outbound link,https://en.m.wikipedia.org/wiki/Adly_Mansour
src/reducers/history.json,296,en.m.wikipedia.org,offline fallback article outbound link,https://en.m.wikipedia.org/wiki/Special:History/Adly_Mansour
src/reducers/history.json,297,en.m.wikipedia.org,offline fallback article outbound link,https://en.m.wikipedia.org/wiki/Adly_Mansour?action=edit
src/reducers/history.json,298,en.m.wikipedia.org,offline fallback article outbound link,https://en.m.wikipedia.org/wiki/Talk:Adly_Mansour
src/reducers/history.json,345,en.wikipedia.org,offline fallback article outbound link,https://en.wikipedia.org/wiki/John_Major
src/reducers/history.json,346,en.wikipedia.org,offline fallback article outbound link,https://en.wikipedia.org/wiki/John_Major?action=history
src/reducers/history.json,347,en.wikipedia.org,offline fallback article outbound link,https://en.wikipedia.org/wiki/John_Major?action=edit
src/reducers/history.json,348,en.wikipedia.org,offline fallback article outbound link,https://en.wikipedia.org/wiki/Talk:John_Major
src/reducers/history.json,351,en.m.wikipedia.org,offline fallback article outbound link,https://en.m.wikipedia.org/wiki/John_Major
src/reducers/history.json,352,en.m.wikipedia.org,offline fallback article outbound link,https://en.m.wikipedia.org/wiki/Special:History/John_Major
src/reducers/history.json,353,en.m.wikipedia.org,offline fallback article outbound link,https://en.m.wikipedia.org/wiki/John_Major?action=edit
src/reducers/history.json,354,en.m.wikipedia.org,offline fallback article outbound link,https://en.m.wikipedia.org/wiki/Talk:John_Major
src/reducers/history.json,395,en.wikipedia.org,offline fallback article outbound link,https://en.wikipedia.org/wiki/Stone_of_Scone
src/reducers/history.json,396,en.wikipedia.org,offline fallback article outbound link,https://en.wikipedia.org/wiki/Stone_of_Scone?action=history
src/reducers/history.json,397,en.wikipedia.org,offline fallback article outbound link,https://en.wikipedia.org/wiki/Stone_of_Scone?action=edit
src/reducers/history.json,398,en.wikipedia.org,offline fallback article outbound link,https://en.wikipedia.org/wiki/Talk:Stone_of_Scone
src/reducers/history.json,401,en.m.wikipedia.org,offline fallback article outbound link,https://en.m.wikipedia.org/wiki/Stone_of_Scone
src/reducers/history.json,402,en.m.wikipedia.org,offline fallback article outbound link,https://en.m.wikipedia.org/wiki/Special:History/Stone_of_Scone
src/reducers/history.json,403,en.m.wikipedia.org,offline fallback article outbound link,https://en.m.wikipedia.org/wiki/Stone_of_Scone?action=edit
src/reducers/history.json,404,en.m.wikipedia.org,offline fallback article outbound link,https://en.m.wikipedia.org/wiki/Talk:Stone_of_Scone
src/reducers/history.json,453,en.wikipedia.org,offline fallback article outbound link,https://en.wikipedia.org/wiki/Fatih_Sultan_Mehmet_Bridge
src/reducers/history.json,454,en.wikipedia.org,offline fallback article outbound link,https://en.wikipedia.org/wiki/Fatih_Sultan_Mehmet_Bridge?action=history
src/reducers/history.json,455,en.wikipedia.org,offline fallback article outbound link,https://en.wikipedia.org/wiki/Fatih_Sultan_Mehmet_Bridge?action=edit
src/reducers/history.json,456,en.wikipedia.org,offline fallback article outbound link,https://en.wikipedia.org/wiki/Talk:Fatih_Sultan_Mehmet_Bridge
src/reducers/history.json,459,en.m.wikipedia.org,offline fallback article outbound link,https://en.m.wikipedia.org/wiki/Fatih_Sultan_Mehmet_Bridge
src/reducers/history.json,460,en.m.wikipedia.org,offline fallback article outbound link,https://en.m.wikipedia.org/wiki/Special:History/Fatih_Sultan_Mehmet_Bridge
src/reducers/history.json,461,en.m.wikipedia.org,offline fallback article outbound link,https://en.m.wikipedia.org/wiki/Fatih_Sultan_Mehmet_Bridge?action=edit
src/reducers/history.json,462,en.m.wikipedia.org,offline fallback article outbound link,https://en.m.wikipedia.org/wiki/Talk:Fatih_Sultan_Mehmet_Bridge
src/reducers/history.json,507,en.wikipedia.org,offline fallback article outbound link,https://en.wikipedia.org/wiki/Bosporus
src/reducers/history.json,508,en.wikipedia.org,offline fallback article outbound link,https://en.wikipedia.org/wiki/Bosporus?action=history
src/reducers/history.json,509,en.wikipedia.org,offline fallback article outbound link,https://en.wikipedia.org/wiki/Bosporus?action=edit
src/reducers/history.json,510,en.wikipedia.org,offline fallback article outbound link,https://en.wikipedia.org/wiki/Talk:Bosporus
src/reducers/history.json,513,en.m.wikipedia.org,offline fallback article outbound link,https://en.m.wikipedia.org/wiki/Bosporus
src/reducers/history.json,514,en.m.wikipedia.org,offline fallback article outbound link,https://en.m.wikipedia.org/wiki/Special:History/Bosporus
src/reducers/history.json,515,en.m.wikipedia.org,offline fallback article outbound link,https://en.m.wikipedia.org/wiki/Bosporus?action=edit
src/reducers/history.json,516,en.m.wikipedia.org,offline fallback article outbound link,https://en.m.wikipedia.org/wiki/Talk:Bosporus
src/reducers/history.json,563,en.wikipedia.org,offline fallback article outbound link,https://en.wikipedia.org/wiki/United_States_Navy
src/reducers/history.json,564,en.wikipedia.org,offline fallback article outbound link,https://en.wikipedia.org/wiki/United_States_Navy?action=history
src/reducers/history.json,565,en.wikipedia.org,offline fallback article outbound link,https://en.wikipedia.org/wiki/United_States_Navy?action=edit
src/reducers/history.json,566,en.wikipedia.org,offline fallback article outbound link,https://en.wikipedia.org/wiki/Talk:United_States_Navy
src/reducers/history.json,569,en.m.wikipedia.org,offline fallback article outbound link,https://en.m.wikipedia.org/wiki/United_States_Navy
src/reducers/history.json,570,en.m.wikipedia.org,offline fallback article outbound link,https://en.m.wikipedia.org/wiki/Special:History/United_States_Navy
src/reducers/history.json,571,en.m.wikipedia.org,offline fallback article outbound link,https://en.m.wikipedia.org/wiki/United_States_Navy?action=edit
src/reducers/history.json,572,en.m.wikipedia.org,offline fallback article outbound link,https://en.m.wikipedia.org/wiki/Talk:United_States_Navy
src/reducers/history.json,613,en.wikipedia.org,offline fallback article outbound link,https://en.wikipedia.org/wiki/USS_Vincennes_(CG-49
src/reducers/history.json,614,en.wikipedia.org,offline fallback article outbound link,https://en.wikipedia.org/wiki/USS_Vincennes_(CG-49
src/reducers/history.json,615,en.wikipedia.org,offline fallback article outbound link,https://en.wikipedia.org/wiki/USS_Vincennes_(CG-49
src/reducers/history.json,616,en.wikipedia.org,offline fallback article outbound link,https://en.wikipedia.org/wiki/Talk:USS_Vincennes_(CG-49
src/reducers/history.json,619,en.m.wikipedia.org,offline fallback article outbound link,https://en.m.wikipedia.org/wiki/USS_Vincennes_(CG-49
src/reducers/history.json,620,en.m.wikipedia.org,offline fallback article outbound link,https://en.m.wikipedia.org/wiki/Special:History/USS_Vincennes_(CG-49
src/reducers/history.json,621,en.m.wikipedia.org,offline fallback article outbound link,https://en.m.wikipedia.org/wiki/USS_Vincennes_(CG-49
src/reducers/history.json,622,en.m.wikipedia.org,offline fallback article outbound link,https://en.m.wikipedia.org/wiki/Talk:USS_Vincennes_(CG-49
src/reducers/history.json,667,en.wikipedia.org,offline fallback article outbound link,https://en.wikipedia.org/wiki/Iran_Air_Flight_655
src/reducers/history.json,668,en.wikipedia.org,offline fallback article outbound link,https://en.wikipedia.org/wiki/Iran_Air_Flight_655?action=history
src/reducers/history.json,669,en.wikipedia.org,offline fallback article outbound link,https://en.wikipedia.org/wiki/Iran_Air_Flight_655?action=edit
src/reducers/history.json,670,en.wikipedia.org,offline fallback article outbound link,https://en.wikipedia.org/wiki/Talk:Iran_Air_Flight_655
src/reducers/history.json,673,en.m.wikipedia.org,offline fallback article outbound link,https://en.m.wikipedia.org/wiki/Iran_Air_Flight_655
src/reducers/history.json,674,en.m.wikipedia.org,offline fallback article outbound link,https://en.m.wikipedia.org/wiki/Special:History/Iran_Air_Flight_655
src/reducers/history.json,675,en.m.wikipedia.org,offline fallback article outbound link,https://en.m.wikipedia.org/wiki/Iran_Air_Flight_655?action=edit
src/reducers/history.json,676,en.m.wikipedia.org,offline fallback article outbound link,https://en.m.wikipedia.org/wiki/Talk:Iran_Air_Flight_655
src/reducers/history.json,721,en.wikipedia.org,offline fallback article outbound link,https://en.wikipedia.org/wiki/Persian_Gulf
src/reducers/history.json,722,en.wikipedia.org,offline fallback article outbound link,https://en.wikipedia.org/wiki/Persian_Gulf?action=history
src/reducers/history.json,723,en.wikipedia.org,offline fallback article outbound link,https://en.wikipedia.org/wiki/Persian_Gulf?action=edit
src/reducers/history.json,724,en.wikipedia.org,offline fallback article outbound link,https://en.wikipedia.org/wiki/Talk:Persian_Gulf
src/reducers/history.json,727,en.m.wikipedia.org,offline fallback article outbound link,https://en.m.wikipedia.org/wiki/Persian_Gulf
src/reducers/history.json,728,en.m.wikipedia.org,offline fallback article outbound link,https://en.m.wikipedia.org/wiki/Special:History/Persian_Gulf
src/reducers/history.json,729,en.m.wikipedia.org,offline fallback article outbound link,https://en.m.wikipedia.org/wiki/Persian_Gulf?action=edit
src/reducers/history.json,730,en.m.wikipedia.org,offline fallback article outbound link,https://en.m.wikipedia.org/wiki/Talk:Persian_Gulf
src/reducers/history.json,777,en.wikipedia.org,offline fallback article outbound link,https://en.wikipedia.org/wiki/Jimmy_Carter
src/reducers/history.json,778,en.wikipedia.org,offline fallback article outbound link,https://en.wikipedia.org/wiki/Jimmy_Carter?action=history
src/reducers/history.json,779,en.wikipedia.org,offline fallback article outbound link,https://en.wikipedia.org/wiki/Jimmy_Carter?action=edit
src/reducers/history.json,780,en.wikipedia.org,offline fallback article outbound link,https://en.wikipedia.org/wiki/Talk:Jimmy_Carter
src/reducers/history.json,783,en.m.wikipedia.org,offline fallback article outbound link,https://en.m.wikipedia.org/wiki/Jimmy_Carter
src/reducers/history.json,784,en.m.wikipedia.org,offline fallback article outbound link,https://en.m.wikipedia.org/wiki/Special:History/Jimmy_Carter
src/reducers/history.json,785,en.m.wikipedia.org,offline fallback article outbound link,https://en.m.wikipedia.org/wiki/Jimmy_Carter?action=edit
src/reducers/history.json,786,en.m.wikipedia.org,offline fallback article outbound link,https://en.m.wikipedia.org/wiki/Talk:Jimmy_Carter
src/reducers/history.json,817,en.wikipedia.org,offline fallback article outbound link,https://en.wikipedia.org/wiki/Operation_Cyclone
src/reducers/history.json,818,en.wikipedia.org,offline fallback article outbound link,https://en.wikipedia.org/wiki/Operation_Cyclone?action=history
src/reducers/history.json,819,en.wikipedia.org,offline fallback article outbound link,https://en.wikipedia.org/wiki/Operation_Cyclone?action=edit
src/reducers/history.json,820,en.wikipedia.org,offline fallback article outbound link,https://en.wikipedia.org/wiki/Talk:Operation_Cyclone
src/reducers/history.json,823,en.m.wikipedia.org,offline fallback article outbound link,https://en.m.wikipedia.org/wiki/Operation_Cyclone
src/reducers/history.json,824,en.m.wikipedia.org,offline fallback article outbound link,https://en.m.wikipedia.org/wiki/Special:History/Operation_Cyclone
src/reducers/history.json,825,en.m.wikipedia.org,offline fallback article outbound link,https://en.m.wikipedia.org/wiki/Operation_Cyclone?action=edit
src/reducers/history.json,826,en.m.wikipedia.org,offline fallback article outbound link,https://en.m.wikipedia.org/wiki/Talk:Operation_Cyclone
src/reducers/history.json,877,en.wikipedia.org,offline fallback article outbound link,https://en.wikipedia.org/wiki/Dan-Air_Flight_1903
src/reducers/history.json,878,en.wikipedia.org,offline fallback article outbound link,https://en.wikipedia.org/wiki/Dan-Air_Flight_1903?action=history
src/reducers/history.json,879,en.wikipedia.org,offline fallback article outbound link,https://en.wikipedia.org/wiki/Dan-Air_Flight_1903?action=edit
src/reducers/history.json,880,en.wikipedia.org,offline fallback article outbound link,https://en.wikipedia.org/wiki/Talk:Dan-Air_Flight_1903
src/reducers/history.json,883,en.m.wikipedia.org,offline fallback article outbound link,https://en.m.wikipedia.org/wiki/Dan-Air_Flight_1903
src/reducers/history.json,884,en.m.wikipedia.org,offline fallback article outbound link,https://en.m.wikipedia.org/wiki/Special:History/Dan-Air_Flight_1903
src/reducers/history.json,885,en.m.wikipedia.org,offline fallback article outbound link,https://en.m.wikipedia.org/wiki/Dan-Air_Flight_1903?action=edit
src/reducers/history.json,886,en.m.wikipedia.org,offline fallback article outbound link,https://en.m.wikipedia.org/wiki/Talk:Dan-Air_Flight_1903
src/reducers/history.json,929,en.wikipedia.org,offline fallback article outbound link,https://en.wikipedia.org/wiki/Les_Agudes
src/reducers/history.json,930,en.wikipedia.org,offline fallback article outbound link,https://en.wikipedia.org/wiki/Les_Agudes?action=history
src/reducers/history.json,931,en.wikipedia.org,offline fallback article outbound link,https://en.wikipedia.org/wiki/Les_Agudes?action=edit
src/reducers/history.json,932,en.wikipedia.org,offline fallback article outbound link,https://en.wikipedia.org/wiki/Talk:Les_Agudes
src/reducers/history.json,935,en.m.wikipedia.org,offline fallback article outbound link,https://en.m.wikipedia.org/wiki/Les_Agudes
src/reducers/history.json,936,en.m.wikipedia.org,offline fallback article outbound link,https://en.m.wikipedia.org/wiki/Special:History/Les_Agudes
src/reducers/history.json,937,en.m.wikipedia.org,offline fallback article outbound link,https://en.m.wikipedia.org/wiki/Les_Agudes?action=edit
src/reducers/history.json,938,en.m.wikipedia.org,offline fallback article outbound link,https://en.m.wikipedia.org/wiki/Talk:Les_Agudes
src/reducers/history.json,981,en.wikipedia.org,offline fallback article outbound link,https://en.wikipedia.org/wiki/Montseny_Massif
src/reducers/history.json,982,en.wikipedia.org,offline fallback article outbound link,https://en.wikipedia.org/wiki/Montseny_Massif?action=history
src/reducers/history.json,983,en.wikipedia.org,offline fallback article outbound link,https://en.wikipedia.org/wiki/Montseny_Massif?action=edit
src/reducers/history.json,984,en.wikipedia.org,offline fallback article outbound link,https://en.wikipedia.org/wiki/Talk:Montseny_Massif
src/reducers/history.json,987,en.m.wikipedia.org,offline fallback article outbound link,https://en.m.wikipedia.org/wiki/Montseny_Massif
src/reducers/history.json,988,en.m.wikipedia.org,offline fallback article outbound link,https://en.m.wikipedia.org/wiki/Special:History/Montseny_Massif
src/reducers/history.json,989,en.m.wikipedia.org,offline fallback article outbound link,https://en.m.wikipedia.org/wiki/Montseny_Massif?action=edit
src/reducers/history.json,990,en.m.wikipedia.org,offline fallback article outbound link,https://en.m.wikipedia.org/wiki/Talk:Montseny_Massif
src/reducers/history.json,1035,en.wikipedia.org,offline fallback article outbound link,https://en.wikipedia.org/wiki/Arb%C3%BAcies
src/reducers/history.json,1036,en.wikipedia.org,offline fallback article outbound link,https://en.wikipedia.org/wiki/Arb%C3%BAcies?action=history
src/reducers/history.json,1037,en.wikipedia.org,offline fallback article outbound link,https://en.wikipedia.org/wiki/Arb%C3%BAcies?action=edit
src/reducers/history.json,1038,en.wikipedia.org,offline fallback article outbound link,https://en.wikipedia.org/wiki/Talk:Arb%C3%BAcies
src/reducers/history.json,1041,en.m.wikipedia.org,offline fallback article outbound link,https://en.m.wikipedia.org/wiki/Arb%C3%BAcies
src/reducers/history.json,1042,en.m.wikipedia.org,offline fallback article outbound link,https://en.m.wikipedia.org/wiki/Special:History/Arb%C3%BAcies
src/reducers/history.json,1043,en.m.wikipedia.org,offline fallback article outbound link,https://en.m.wikipedia.org/wiki/Arb%C3%BAcies?action=edit
src/reducers/history.json,1044,en.m.wikipedia.org,offline fallback article outbound link,https://en.m.wikipedia.org/wiki/Talk:Arb%C3%BAcies
src/reducers/history.json,1089,en.wikipedia.org,offline fallback article outbound link,https://en.wikipedia.org/wiki/Catalonia
src/reducers/history.json,1090,en.wikipedia.org,offline fallback article outbound link,https://en.wikipedia.org/wiki/Catalonia?action=history
src/reducers/history.json,1091,en.wikipedia.org,offline fallback article outbound link,https://en.wikipedia.org/wiki/Catalonia?action=edit
src/reducers/history.json,1092,en.wikipedia.org,offline fallback article outbound link,https://en.wikipedia.org/wiki/Talk:Catalonia
src/reducers/history.json,1095,en.m.wikipedia.org,offline fallback article outbound link,https://en.m.wikipedia.org/wiki/Catalonia
src/reducers/history.json,1096,en.m.wikipedia.org,offline fallback article outbound link,https://en.m.wikipedia.org/wiki/Special:History/Catalonia
src/reducers/history.json,1097,en.m.wikipedia.org,offline fallback article outbound link,https://en.m.wikipedia.org/wiki/Catalonia?action=edit
src/reducers/history.json,1098,en.m.wikipedia.org,offline fallback article outbound link,https://en.m.wikipedia.org/wiki/Talk:Catalonia
src/reducers/history.json,1143,en.wikipedia.org,offline fallback article outbound link,https://en.wikipedia.org/wiki/Spain
src/reducers/history.json,1144,en.wikipedia.org,offline fallback article outbound link,https://en.wikipedia.org/wiki/Spain?action=history
src/reducers/history.json,1145,en.wikipedia.org,offline fallback article outbound link,https://en.wikipedia.org/wiki/Spain?action=edit
src/reducers/history.json,1146,en.wikipedia.org,offline fallback article outbound link,https://en.wikipedia.org/wiki/Talk:Spain
src/reducers/history.json,1149,en.m.wikipedia.org,offline fallback article outbound link,https://en.m.wikipedia.org/wiki/Spain
src/reducers/history.json,1150,en.m.wikipedia.org,offline fallback article outbound link,https://en.m.wikipedia.org/wiki/Special:History/Spain
src/reducers/history.json,1151,en.m.wikipedia.org,offline fallback article outbound link,https://en.m.wikipedia.org/wiki/Spain?action=edit
src/reducers/history.json,1152,en.m.wikipedia.org,offline fallback article outbound link,https://en.m.wikipedia.org/wiki/Talk:Spain
src/reducers/history.json,1183,en.wikipedia.org,offline fallback article outbound link,https://en.wikipedia.org/wiki/July_3
src/reducers/history.json,1184,en.wikipedia.org,offline fallback article outbound link,https://en.wikipedia.org/wiki/July_3?action=history
src/reducers/history.json,1185,en.wikipedia.org,offline fallback article outbound link,https://en.wikipedia.org/wiki/July_3?action=edit
src/reducers/history.json,1186,en.wikipedia.org,offline fallback article outbound link,https://en.wikipedia.org/wiki/Talk:July_3
src/reducers/history.json,1189,en.m.wikipedia.org,offline fallback article outbound link,https://en.m.wikipedia.org/wiki/July_3
src/reducers/history.json,1190,en.m.wikipedia.org,offline fallback article outbound link,https://en.m.wikipedia.org/wiki/Special:History/July_3
src/reducers/history.json,1191,en.m.wikipedia.org,offline fallback article outbound link,https://en.m.wikipedia.org/wiki/July_3?action=edit
src/reducers/history.json,1192,en.m.wikipedia.org,offline fallback article outbound link,https://en.m.wikipedia.org/wiki/Talk:July_3
src/reducers/history.json,1239,en.wikipedia.org,offline fallback article outbound link,https://en.wikipedia.org/wiki/The_Troubles
src/reducers/history.json,1240,en.wikipedia.org,offline fallback article outbound link,https://en.wikipedia.org/wiki/The_Troubles?action=history
src/reducers/history.json,1241,en.wikipedia.org,offline fallback article outbound link,https://en.wikipedia.org/wiki/The_Troubles?action=edit
src/reducers/history.json,1242,en.wikipedia.org,offline fallback article outbound link,https://en.wikipedia.org/wiki/Talk:The_Troubles
src/reducers/history.json,1245,en.m.wikipedia.org,offline fallback article outbound link,https://en.m.wikipedia.org/wiki/The_Troubles
src/reducers/history.json,1246,en.m.wikipedia.org,offline fallback article outbound link,https://en.m.wikipedia.org/wiki/Special:History/The_Troubles
src/reducers/history.json,1247,en.m.wikipedia.org,offline fallback article outbound link,https://en.m.wikipedia.org/wiki/The_Troubles?action=edit
src/reducers/history.json,1248,en.m.wikipedia.org,offline fallback article outbound link,https://en.m.wikipedia.org/wiki/Talk:The_Troubles
src/reducers/history.json,1289,en.wikipedia.org,offline fallback article outbound link,https://en.wikipedia.org/wiki/Falls_Curfew
src/reducers/history.json,1290,en.wikipedia.org,offline fallback article outbound link,https://en.wikipedia.org/wiki/Falls_Curfew?action=history
src/reducers/history.json,1291,en.wikipedia.org,offline fallback article outbound link,https://en.wikipedia.org/wiki/Falls_Curfew?action=edit
src/reducers/history.json,1292,en.wikipedia.org,offline fallback article outbound link,https://en.wikipedia.org/wiki/Talk:Falls_Curfew
src/reducers/history.json,1295,en.m.wikipedia.org,offline fallback article outbound link,https://en.m.wikipedia.org/wiki/Falls_Curfew
src/reducers/history.json,1296,en.m.wikipedia.org,offline fallback article outbound link,https://en.m.wikipedia.org/wiki/Special:History/Falls_Curfew
src/reducers/history.json,1297,en.m.wikipedia.org,offline fallback article outbound link,https://en.m.wikipedia.org/wiki/Falls_Curfew?action=edit
src/reducers/history.json,1298,en.m.wikipedia.org,offline fallback article outbound link,https://en.m.wikipedia.org/wiki/Talk:Falls_Curfew
src/reducers/history.json,1343,en.wikipedia.org,offline fallback article outbound link,https://en.wikipedia.org/wiki/Belfast
src/reducers/history.json,1344,en.wikipedia.org,offline fallback article outbound link,https://en.wikipedia.org/wiki/Belfast?action=history
src/reducers/history.json,1345,en.wikipedia.org,offline fallback article outbound link,https://en.wikipedia.org/wiki/Belfast?action=edit
src/reducers/history.json,1346,en.wikipedia.org,offline fallback article outbound link,https://en.wikipedia.org/wiki/Talk:Belfast
src/reducers/history.json,1349,en.m.wikipedia.org,offline fallback article outbound link,https://en.m.wikipedia.org/wiki/Belfast
src/reducers/history.json,1350,en.m.wikipedia.org,offline fallback article outbound link,https://en.m.wikipedia.org/wiki/Special:History/Belfast
src/reducers/history.json,1351,en.m.wikipedia.org,offline fallback article outbound link,https://en.m.wikipedia.org/wiki/Belfast?action=edit
src/reducers/history.json,1352,en.m.wikipedia.org,offline fallback article outbound link,https://en.m.wikipedia.org/wiki/Talk:Belfast
src/reducers/history.json,1397,en.wikipedia.org,offline fallback article outbound link,https://en.wikipedia.org/wiki/Northern_Ireland
src/reducers/history.json,1398,en.wikipedia.org,offline fallback article outbound link,https://en.wikipedia.org/wiki/Northern_Ireland?action=history
src/reducers/history.json,1399,en.wikipedia.org,offline fallback article outbound link,https://en.wikipedia.org/wiki/Northern_Ireland?action=edit
src/reducers/history.json,1400,en.wikipedia.org,offline fallback article outbound link,https://en.wikipedia.org/wiki/Talk:Northern_Ireland
src/reducers/history.json,1403,en.m.wikipedia.org,offline fallback article outbound link,https://en.m.wikipedia.org/wiki/Northern_Ireland
src/reducers/history.json,1404,en.m.wikipedia.org,offline fallback article outbound link,https://en.m.wikipedia.org/wiki/Special:History/Northern_Ireland
src/reducers/history.json,1405,en.m.wikipedia.org,offline fallback article outbound link,https://en.m.wikipedia.org/wiki/Northern_Ireland?action=edit
src/reducers/history.json,1406,en.m.wikipedia.org,offline fallback article outbound link,https://en.m.wikipedia.org/wiki/Talk:Northern_Ireland
src/reducers/index.js,7,www.apache.org,comment/license/reference,http://www.apache.org/licenses/LICENSE-2.0
src/reducers/menu.js,7,www.apache.org,comment/license/reference,http://www.apache.org/licenses/LICENSE-2.0
src/reducers/news.json,13,www.indiatoday.in,offline fallback article outbound link,https://www.indiatoday.in/cities/bengaluru/story/bengaluru-civic-staff-forces-people-to-take-covid-19-test-before-vaccination-1822949-2021-07-02
src/reducers/news.json,26,timesofindia.indiatimes.com,offline fallback article outbound link,https://timesofindia.indiatimes.com/life-style/health-fitness/health-news/coronavirus-vaccine-how-side-effects-differ-in-younger-people-and-older-people-as-per-studies/photostory/84038767.cms
src/reducers/news.json,39,www.moneycontrol.com,offline fallback article outbound link,https://www.moneycontrol.com/news/business/companies/johnson-johnson-says-its-single-shot-covid-19-vaccine-offers-durable-protection-against-delta-other-variants-7116351.html
src/reducers/news.json,52,www.freepressjournal.in,offline fallback article outbound link,https://www.freepressjournal.in/health/covid-infection-in-your-pet-dogs-cats-may-be-common-than-thought
src/reducers/news.json,65,timesofindia.indiatimes.com,offline fallback article outbound link,https://timesofindia.indiatimes.com/life-style/health-fitness/health-news/can-contraceptive-pills-cause-pcos/photostory/84039250.cms
src/reducers/news.json,78,www.sentinelassam.com,offline fallback article outbound link,https://www.sentinelassam.com/north-east-india-news/assam-news/patient-suffering-from-black-fungus-passes-away-in-assam-medical-college-and-hospital-545122
src/reducers/news.json,91,www.indiatoday.in,offline fallback article outbound link,https://www.indiatoday.in/coronavirus-outbreak/story/health-frontline-workers-vulnerable-groups-priority-covid-vaccination-centre-1822816-2021-07-02
src/reducers/news.json,104,www.dailymail.co.uk,offline fallback article outbound link,https://www.dailymail.co.uk/news/article-9747923/Almost-million-people-battling-long-Covid-TWO-THIRDS-say-affecting-daily-life.html
src/reducers/news.json,117,www.dailymail.co.uk,offline fallback article outbound link,https://www.dailymail.co.uk/sciencetech/article-9746845/Tens-thousands-fire-ants-form-living-rafts-help-escape-floods.html
src/reducers/news.json,127,www.facebook.com,offline fallback article outbound link,https://www.facebook.com/dailyexcelsior
src/reducers/news.json,130,www.dailyexcelsior.com,offline fallback article outbound link,https://www.dailyexcelsior.com/covid-vaccines-reduce-severity-symptoms-viral-load-in-re-infected-people-study/
src/reducers/news.json,143,www.sciencedaily.com,offline fallback article outbound link,https://www.sciencedaily.com/releases/2021/07/210701140624.htm
src/reducers/news.json,156,www.dailymail.co.uk,offline fallback article outbound link,https://www.dailymail.co.uk/sciencetech/article-9746507/Rare-genetic-variants-protect-against-obesity-study-says.html
src/reducers/news.json,169,newseu.cgtn.com,offline fallback article outbound link,https://newseu.cgtn.com/news/2021-07-02/How-did-China-achieve-malaria-free-status--11y2iO2mCNq/index.html
src/reducers/news.json,182,www.latestly.com,offline fallback article outbound link,https://www.latestly.com/agency-news/health-news-94-of-patients-with-cancer-respond-well-to-covid-19-vaccines-study-2602410.html
src/reducers/news.json,195,www.aninews.in,offline fallback article outbound link,https://www.aninews.in/news/health/94-of-patients-with-cancer-respond-well-to-covid-19-vaccines-study20210701205116
src/reducers/news.json,208,www.dailymail.co.uk,offline fallback article outbound link,https://www.dailymail.co.uk/news/article-9745925/Covid-cases-surging-area-England-one-doubled-fifth-local-authorities.html
src/reducers/news.json,221,www.gqindia.com,offline fallback article outbound link,https://www.gqindia.com/live-well/content/healthy-snacks-you-can-easily-make-at-home-this-monsoon
src/reducers/news.json,234,indianexpress.com,offline fallback article outbound link,https://indianexpress.com/article/lifestyle/health/twinkle-khanna-citrus-peel-health-benefits-7384290/
src/reducers/news.json,247,economictimes.indiatimes.com,offline fallback article outbound link,https://economictimes.indiatimes.com/industry/healthcare/biotech/healthcare/covid-vaccination-gives-priority-to-health-and-frontline-workers-most-vulnerable-groups-govt/articleshow/84037155.cms
src/reducers/news.json,260,www.deccanherald.com,offline fallback article outbound link,https://www.deccanherald.com/science-and-environment/everything-you-need-to-know-about-cytomegalovirus-affecting-those-who-recovered-from-covid-19-1003621.html
src/reducers/news.json,273,newsable.asianetnews.com,offline fallback article outbound link,https://newsable.asianetnews.com/top-stories/mask-jointly-developed-by-mit-and-harvard-university-can-detect-covid-infection-in-90-minutes-ycb-qvkgpi
src/reducers/news.json,286,health.economictimes.indiatimes.com,offline fallback article outbound link,https://health.economictimes.indiatimes.com/news/industry/chinese-researchers-develops-a-new-surgical-technique-for-heart-attacks-led-wall-rupture-repair/84016769
src/reducers/news.json,299,www.dnaindia.com,offline fallback article outbound link,https://www.dnaindia.com/india/video-people-living-with-hiv-have-a-significantly-higher-risk-of-suicide-study-2898318
src/reducers/news.json,312,www.oneindia.com,offline fallback article outbound link,https://www.oneindia.com/india/over-1-24-crore-unutilised-covid-19-vaccine-doses-still-with-states-centre-3280313.html
src/reducers/news.json,325,ahmedabadmirror.com,offline fallback article outbound link,https://ahmedabadmirror.com/delta-variant-threat-forces-us-to-reconsider-mask-mandate/81802404.html
src/reducers/news.json,338,health.economictimes.indiatimes.com,offline fallback article outbound link,https://health.economictimes.indiatimes.com/news/industry/mental-health-of-indias-healthcare-professionals-deflecting-the-covid-19-blow/84013786
src/reducers/news.json,351,www.dailymail.co.uk,offline fallback article outbound link,https://www.dailymail.co.uk/news/article-9743935/Limo-driver-sparked-Sydney-Covid-outbreak-banned-work-vaccination.html
src/reducers/news.json,364,www.indiatoday.in,offline fallback article outbound link,https://www.indiatoday.in/coronavirus-outbreak/story/cocktail-covid-wave-mutation-delta-kappa-lambda-1821412-2021-07-01
src/reducers/news.json,377,www.iol.co.za,offline fallback article outbound link,https://www.iol.co.za/news/south-africa/why-elderly-are-prioritised-for-covid-19-vaccine-despite-reduced-demand-174c2bea-5d28-4e28-ad5b-25c257f77a1d
src/reducers/news.json,390,abc-7.com,offline fallback article outbound link,https://abc-7.com/news/cover-story/2021/06/30/more-than-a-disorder-understanding-the-autism-spectrum-through-the-eyes-of-the-diagnosed/
src/reducers/news.json,403,www.dailymail.co.uk,offline fallback article outbound link,https://www.dailymail.co.uk/debate/article-9743289/JANET-STREET-PORTER-Covid-numbers-used-justify-lockdown.html
src/reducers/news.json,416,indianexpress.com,offline fallback article outbound link,https://indianexpress.com/article/india/india-adolescents-non-communicable-disease-level-of-exposure-7383402/
src/reducers/news.json,429,www.bloombergquint.com,offline fallback article outbound link,https://www.bloombergquint.com/onweb/u-k-s-most-vulnerable-could-get-covid-boosters-from-september
src/reducers/news.json,442,www.republicworld.com,offline fallback article outbound link,https://www.republicworld.com/india-news/city-news/private-hospital-in-delhi-treating-two-patients-with-cytomegalovirus-infection.html
src/reducers/news.json,455,www.nature.com,offline fallback article outbound link,https://www.nature.com/articles/d41586-021-01720-6
src/reducers/news.json,468,www.cnbc.com,offline fallback article outbound link,https://www.cnbc.com/2021/06/30/how-crispr-gene-editing-will-treat-disease-intellia-founder-doudna-.html
src/reducers/news.json,481,www.usatoday.com,offline fallback article outbound link,https://www.usatoday.com/story/tech/2021/06/30/facebook-covid-vaccine-mobile-truck-austin-new-york-seattle/7808732002/
src/reducers/news.json,494,zeenews.india.com,offline fallback article outbound link,https://zeenews.india.com/india/no-scientific-evidence-to-prove-covid-vaccine-causes-infertility-says-health-ministry-2372947.html
src/reducers/news.json,507,www.hindustantimes.com,offline fallback article outbound link,https://www.hindustantimes.com/india-news/delta-plus-what-should-diabetic-high-bp-people-do-all-you-need-to-know-101625052587694.html
src/reducers/settings.js,7,www.apache.org,comment/license/reference,http://www.apache.org/licenses/LICENSE-2.0
src/reducers/sidepane.js,7,www.apache.org,comment/license/reference,http://www.apache.org/licenses/LICENSE-2.0
src/reducers/startmenu.js,7,www.apache.org,comment/license/reference,http://www.apache.org/licenses/LICENSE-2.0
src/reducers/taskbar.js,7,www.apache.org,comment/license/reference,http://www.apache.org/licenses/LICENSE-2.0
src/reducers/ui.js,7,www.apache.org,comment/license/reference,http://www.apache.org/licenses/LICENSE-2.0
src/reducers/wallpaper.js,7,www.apache.org,comment/license/reference,http://www.apache.org/licenses/LICENSE-2.0
src/reducers/widpane.js,7,www.apache.org,comment/license/reference,http://www.apache.org/licenses/LICENSE-2.0
src/utils/apps.js,7,www.apache.org,comment/license/reference,http://www.apache.org/licenses/LICENSE-2.0
src/utils/apps.js,200,bittuhere.github.io,runtime-or-navigation (review call site),https://bittuhere.github.io/msoffice/onenote/
src/utils/apps.js,309,github.com,runtime-or-navigation (review call site),https://github.com/bittuhere/win11WebOS
src/utils/apps.js,317,github.com,runtime-or-navigation (review call site),https://github.com/bittuhere/win11WebOS
src/utils/bin.js,7,www.apache.org,comment/license/reference,http://www.apache.org/licenses/LICENSE-2.0
src/utils/general.jsx,7,www.apache.org,comment/license/reference,http://www.apache.org/licenses/LICENSE-2.0
src/utils/general.scss,8,www.apache.org,comment/license/reference,http://www.apache.org/licenses/LICENSE-2.0
src/utils/general.scss,317,www.w3.org,namespace/not-network,http://www.w3.org/2000/svg
src/utils/general.scss,318,www.w3.org,namespace/not-network,http://www.w3.org/2000/svg
src/utils/general.scss,319,www.w3.org,namespace/not-network,http://www.w3.org/2000/svg
src/utils/general.scss,320,www.w3.org,namespace/not-network,http://www.w3.org/2000/svg
src/utils/general.scss,369,www.w3.org,namespace/not-network,http://www.w3.org/2000/svg
src/utils/general.scss,370,www.w3.org,namespace/not-network,http://www.w3.org/2000/svg
src/utils/general.scss,371,www.w3.org,namespace/not-network,http://www.w3.org/2000/svg
src/utils/general.scss,372,www.w3.org,namespace/not-network,http://www.w3.org/2000/svg
src/utils/icons.jsx,7,www.apache.org,comment/license/reference,http://www.apache.org/licenses/LICENSE-2.0
src/utils/icons.jsx,199,www.w3.org,namespace/not-network,http://www.w3.org/2000/svg
src/utils/icons.jsx,411,www.w3.org,namespace/not-network,http://www.w3.org/2000/svg
src/utils/icons.jsx,423,www.w3.org,namespace/not-network,http://www.w3.org/2000/svg
src/utils/idb.js,7,www.apache.org,comment/license/reference,http://www.apache.org/licenses/LICENSE-2.0
src/utils/index.js,7,www.apache.org,comment/license/reference,http://www.apache.org/licenses/LICENSE-2.0
src/utils/os/assoc.js,7,www.apache.org,comment/license/reference,http://www.apache.org/licenses/LICENSE-2.0
src/utils/os/bridge.js,7,www.apache.org,comment/license/reference,http://www.apache.org/licenses/LICENSE-2.0
src/utils/os/bridge.js,18,example.com,comment/license/reference,https://example.com
src/utils/os/bridge.js,197,www.google.com,runtime-or-navigation (review call site),https://www.google.com/generate_204
src/utils/os/bridge.js,198,www.cloudflare.com,runtime-or-navigation (review call site),https://www.cloudflare.com/cdn-cgi/trace
src/utils/os/display.js,7,www.apache.org,comment/license/reference,http://www.apache.org/licenses/LICENSE-2.0
src/utils/os/feedback.js,7,www.apache.org,comment/license/reference,http://www.apache.org/licenses/LICENSE-2.0
src/utils/os/feedback.js,63,formsubmit.co,runtime-or-navigation (review call site),https://formsubmit.co/ajax/${encodeURIComponent(email
src/utils/os/icons.js,7,www.apache.org,comment/license/reference,http://www.apache.org/licenses/LICENSE-2.0
src/utils/os/keys.js,7,www.apache.org,comment/license/reference,http://www.apache.org/licenses/LICENSE-2.0
src/utils/os/links.js,7,www.apache.org,comment/license/reference,http://www.apache.org/licenses/LICENSE-2.0
src/utils/os/md.js,7,www.apache.org,comment/license/reference,http://www.apache.org/licenses/LICENSE-2.0
src/utils/os/mob.js,7,www.apache.org,comment/license/reference,http://www.apache.org/licenses/LICENSE-2.0
src/utils/os/theme.js,7,www.apache.org,comment/license/reference,http://www.apache.org/licenses/LICENSE-2.0
src/utils/os/ui.js,7,www.apache.org,comment/license/reference,http://www.apache.org/licenses/LICENSE-2.0
src/utils/os/updates.js,7,www.apache.org,comment/license/reference,http://www.apache.org/licenses/LICENSE-2.0
src/utils/os/updates.js,25,raw.githubusercontent.com,runtime-or-navigation (review call site),https://raw.githubusercontent.com/bittuhere/win11WebOS/refs/heads/main/public/
src/utils/os/version.js,7,www.apache.org,comment/license/reference,http://www.apache.org/licenses/LICENSE-2.0
src/utils/os/vs.js,7,www.apache.org,comment/license/reference,http://www.apache.org/licenses/LICENSE-2.0
src/utils/websearch.js,7,www.apache.org,comment/license/reference,http://www.apache.org/licenses/LICENSE-2.0
src/utils/websearch.js,30,www.google.com,runtime-or-navigation (review call site),https://www.google.com/s2/favicons?domain=${host}&sz=64
src/utils/websearch.js,37,www.bing.com,runtime-or-navigation (review call site),https://www.bing.com/search?q=
